#Run,conv1_block,base_filter_num,conv1_kernel,conv2_kernel,dense_size,drop,batch_size,learning_rate,avg_loss_validation,avg_accuracy_validation
0,6,6,5,43,34,0.36396693372755723,16,0.0003315282342319423,1.6148727680920574,0.3786008232905541
1,4,31,28,33,43,0.0886602150284904,16,1.2856096069432965,14.52618443524396,0.09876543212942626
2,4,23,16,40,12,0.22592145682911707,4,0.0010256779307444219,0.4222194766434132,0.8148148165318211
3,3,6,30,5,61,0.7121465841394647,64,3.158635408267819,13.730229652467578,0.1481481482094698
4,4,7,5,37,26,0.5290987924449414,32,0.9862658461312821,2.4398393837022194,0.1481481482094698
5,6,9,5,45,67,0.8325750451256995,8,0.0007175560918936928,2.4307645632896895,0.1481481482094698
6,1,10,34,12,45,0.27406778727447473,16,0.774263682681127,2.4438802057823525,0.09876543212942626
7,5,34,6,13,68,0.26935155812645684,8,0.018082449348779516,0.8042160915249169,0.7325102885564169
8,5,27,24,44,80,0.26113613673643943,32,0.024968784288843266,2.302893245171127,0.15226337451625754
9,5,41,3,36,91,0.38123044785771054,8,0.00020197857568198785,1.154357391620369,0.54320987580735
10,5,8,41,40,35,0.48168569842834164,16,1.1456687286348726,14.393525445412216,0.1069958848349842
11,3,8,15,47,70,0.3087120588700678,4,0.0002663332725174981,0.6068161640147614,0.6913580268989374
12,5,15,34,9,40,0.883190271690418,64,0.0002920555512182745,2.4408009179825645,0.12757201658354866
13,4,44,33,48,40,0.4336407941296012,4,1.8805040551285834,13.730229652467578,0.1481481482094698
14,4,8,43,50,35,0.2353119760520308,64,0.0045884041264547615,1.5249037767143407,0.36213991745018664
15,5,38,24,20,18,0.5137944490442248,32,0.3833395101766601,2.4246408448788364,0.1481481482094698
16,6,27,42,7,28,0.7875712060373262,8,1.6758078645307688,15.18948065989302,0.05761316872427984
17,3,44,37,3,60,0.19251302504664056,32,0.02005867779508234,0.9771074956827203,0.691358023464925
18,1,30,25,32,13,0.5434411052084932,8,2.8804441533962977,14.260866286823289,0.11522633750988132
19,3,46,35,18,49,0.7171668427283932,64,1.7347593592339325,14.52618443524396,0.09876543212942626
20,5,20,31,14,21,0.6969010604403718,32,0.0033229325163989716,0.5106884199405404,0.7242798358815197
21,1,22,30,13,85,0.18990985194036827,16,4.514967772036102,15.388469405625584,0.04526748974259498
22,5,13,16,7,17,0.21930268404829256,8,0.011403996019700331,0.415376243062716,0.831275720164609
23,4,12,20,36,12,0.8901563340519516,8,0.26818126094530154,2.4415661454691318,0.12757201658354866
24,4,46,7,50,64,0.2963525685506428,16,0.056591701632462424,1.138358852255001,0.4814814824626279
25,5,5,36,21,58,0.6530062711309649,4,0.006483534286054727,1.3823205291489025,0.42386831251191504
26,1,31,41,35,74,0.23426861574606642,32,0.000872852662384838,0.3019841415769279,0.8641975308641975
27,6,50,11,22,61,0.5727560879820327,64,0.002071649675602069,0.7348036542841436,0.6995884778568283
28,5,44,18,41,77,0.5927010850908648,64,0.0004223044187206672,0.9270867803459796,0.5514403294633936
29,1,44,37,16,76,0.39344696536595397,4,0.0013840160965731315,0.32983593961584223,0.880658437930998
30,2,29,46,35,69,0.8345227726760708,4,0.39682461045694817,2.467069028336325,0.12757201658354866
31,6,17,7,23,56,0.7088779637062912,32,0.00014968392930772556,2.5198383321487365,0.1481481482094698
32,4,7,17,11,77,0.6729809480381971,8,2.47967289250216,15.52112861915871,0.037037037037037035
33,4,8,11,11,74,0.0854370519603373,16,2.2612800663372794,14.0618772742189,0.12757201658354866
34,3,33,19,17,57,0.09597133521229355,16,0.017467962151272456,0.5314969273261082,0.7777777765513447
35,1,43,28,12,40,0.2668184844070259,16,4.894289896114532,13.730229652467578,0.1481481482094698
36,2,39,28,5,40,0.7904065682717566,4,0.04928249570040513,1.7275862203213412,0.29218107069470756
37,5,36,21,38,92,0.3026415912229751,4,0.00018207916800994624,0.21581851016469453,0.8971193432807922
38,4,22,37,36,96,0.724685754318226,32,7.077010661181889,14.526184588302801,0.09876543283462524
39,3,4,10,5,91,0.8984336911027669,32,0.00013186214013947485,2.4130528552051436,0.12757201658354866
40,5,37,13,48,61,0.7246290955040451,64,0.0010256779307444219,2.570057093851851,0.0411522633744856
41,1,36,11,39,34,0.42536746626547683,32,0.031080821738690638,0.67220226972682,0.711934156869174
42,2,22,39,13,47,0.5226467086732319,8,0.007109709432312438,0.5693488652691429,0.7448559658517563
43,4,47,21,20,58,0.2527873971022314,8,0.004381689931514195,0.2811077207694819,0.9053497959556893
44,4,18,27,17,36,0.03675935842662769,8,0.00022405278693000182,0.27493380497635145,0.8888888888888888
45,5,13,2,42,59,0.5269814650845547,4,0.7393819919175866,14.0618772742189,0.12757201658354866
46,4,4,16,43,60,0.35505763063186085,8,4.262158829015325,15.454799228244358,0.0411522633744856
47,2,5,21,21,69,0.48743084137202286,4,0.015388177500383463,1.1592333066610643,0.5144032930395731
48,3,9,43,41,86,0.514144453799265,64,2.0621218039991445,13.730229652467578,0.1481481482094698
49,5,12,16,20,42,0.8443572582193359,8,0.0006106407542232036,2.4463061707500566,0.12757201658354866
50,6,38,20,19,66,0.024519137009022984,32,0.0008052039670825478,1.2109538032194225,0.6172839514757871
51,1,29,36,49,13,0.005503173091161284,64,0.01937703337477989,1.599877265255147,0.4362139898072545
52,2,12,12,14,49,0.07366034016689531,32,0.00020197857568198785,0.5660665838561431,0.7654320992560053
53,5,37,24,32,21,0.37836784688705183,32,3.585539857459817,14.0618772742189,0.12757201658354866
54,1,48,24,4,80,0.2758906199922485,64,0.00036776091016010306,0.5435560334611822,0.7325102902734231
55,2,41,39,18,22,0.6868253455784462,16,0.0006394488428556943,0.5400674706133305,0.7119341585861803
56,6,8,6,24,86,0.486115948656537,16,1.6566059589499151,14.0618772742189,0.12757201658354866
57,5,25,30,9,34,0.8805105326478596,32,0.0008145371766280745,2.455823208569499,0.12757201658354866
58,2,6,16,42,97,0.6661369089166659,4,0.0001084014359178331,1.494849912914229,0.36213991794075984
59,2,40,37,14,21,0.34392813546293854,4,1.0327947319189525,14.393525445412216,0.1069958848349842
60,2,21,15,24,60,0.5361059997414402,64,1.9023011886689458,14.260866286823289,0.11522633750988132
61,5,41,31,2,90,0.4566051992882871,16,0.0004174655289253135,0.3307028066964797,0.8436213979505217
62,2,35,49,45,71,0.3942809903488545,8,0.0024911300260677884,0.35756753060062235,0.8395061745565124
63,4,2,8,4,45,0.5246091800570933,16,0.017467962151272456,1.4315436867529472,0.3621399167143268
64,4,48,17,36,6,0.06320846273744228,64,0.014360089846512606,2.087010850631651,0.18930041225849356
65,2,40,15,15,14,0.04525046917781968,8,0.3187891292677646,2.4586691473737177,0.1069958848349842
66,3,16,41,24,29,0.3128589564159637,32,0.003859993617679767,0.27923243805582143,0.9012345679012346
67,5,33,8,12,82,0.5337254918292833,32,0.05281079711934331,2.411380087887799,0.27983539106914534
68,3,10,28,40,71,0.5309103988842536,64,0.04291732378422158,1.2339541806605618,0.5761316882239448
69,2,11,43,40,49,0.17198548784003778,8,0.00011750871309048076,0.5805513823228609,0.740740741231314
70,5,32,18,10,24,0.7167777496910819,8,8.412497049736118,13.730229652467578,0.1481481482094698
71,3,42,21,37,88,0.7551478888640147,16,0.0057115864781264345,0.46640405463583673,0.8106995901943724
72,4,13,31,44,99,0.8080460439275574,64,0.04291732378422158,3.040209220760644,0.10699588480432337
73,2,41,49,16,46,0.5763550336372076,32,0.0004738879609717651,0.40575346209630064,0.8106995901943724
74,1,10,33,45,25,0.30956011990952204,16,0.027066520700332414,0.5247298973332707,0.8106995872509333
75,1,25,9,46,26,0.1633701390228238,16,1.4593657991557576,14.393525445412216,0.1069958848349842
76,2,31,45,18,88,0.5486043810103716,64,0.00023462288481422623,0.44648999754538754,0.8477366272314095
77,1,49,9,35,99,0.11828211918292524,32,0.06883952069645496,1.1213065636010817,0.5802469150519666
78,5,12,47,16,67,0.027717769538857163,4,0.014360089846512606,0.5713400979959425,0.7901234555636905
79,1,20,16,45,33,0.0753799744981392,8,0.014195547660501016,0.6340454822950402,0.6790123478865918
80,4,19,17,42,43,0.16863999841254512,32,0.013713147177539456,2.29096020200125,0.09876543212942626
81,5,47,10,27,33,0.054907636568384204,32,0.29408201705870635,2.4060403280297424,0.12757201658354866
82,3,2,29,49,56,0.4556802610727089,16,0.01208042134677329,1.1908114471553284,0.46090535126595833
83,1,18,19,40,26,0.4777913823510211,16,0.6665363268124913,2.453206431227947,0.1069958848349842
84,5,26,3,11,90,0.026445191546492653,32,0.2010496416260499,2.5076137010943254,0.09876543283462524
85,4,23,47,32,20,0.6823938502145169,4,4.673795107992464,14.526184588302801,0.09876543283462524
86,3,27,19,26,75,0.5885259301814225,16,0.002001249798969037,0.2905656215830595,0.8765432115935494
87,4,33,3,40,64,0.17366896067983614,4,0.00034319071974590426,0.3183372638537069,0.8724279852561009
88,6,24,15,25,89,0.5369176307068182,4,0.053422932995383525,2.05289521678485,0.32510288139429605
89,3,16,5,43,25,0.7261991648853686,32,0.0001567455410205595,1.704844315846761,0.3086419760445018
90,3,49,3,11,49,0.0026670395156364493,8,1.1067360180959744,13.730229652467578,0.1481481482094698
91,5,12,12,49,44,0.4117420607528645,16,0.016300923609797412,0.5106871063081325,0.7901234572806967
92,5,18,48,5,49,0.8351044480991336,32,2.1102034285685964,14.52618443524396,0.09876543212942626
93,2,27,22,14,70,0.015572695853753316,32,0.00390473523688556,0.31045714594086504,0.8888888888888888
94,4,27,13,32,91,0.048826586344460014,4,0.24175940791691308,2.4603010656411755,0.11522633750988132
95,3,47,4,30,43,0.5195086955162364,64,1.5459277364194786,14.52618443524396,0.09876543212942626
96,2,25,30,25,70,0.096674928526153,4,0.006335804992658254,0.44237936867607963,0.8559670781893004
97,4,45,20,17,6,0.2772407599751966,4,0.0038157646612712484,0.326074657248862,0.8641975325812038
98,4,24,48,37,69,0.4816434925002406,8,0.03447764054734464,0.9062888747380103,0.6172839528248634
99,3,23,27,12,95,0.16817868575432948,16,0.006634708121092351,0.38685566015204287,0.8641975325812038
100,3,17,2,28,29,0.5263925313622482,8,0.01101645949633657,0.6231131121945479,0.740740742457747
101,3,45,14,49,59,0.08098141971643635,16,2.1102034285685964,15.454799228244358,0.0411522633744856
102,5,16,43,37,9,0.4862416444867162,4,1.9023011886689458,8.832819298952204,0.12757201658354866
103,3,48,12,34,71,0.8566108650796587,64,0.00024569164629827903,2.5526530222637662,0.09876543212942626
104,5,32,6,4,62,0.3707804603907709,64,0.25906778586880086,1.8317839829519453,0.341563785027084
105,3,5,33,31,84,0.2493346944608224,16,0.0065586856595714355,0.4732960520825759,0.8189300428692696
106,4,16,40,25,66,0.44844660936205366,32,0.9637934799615786,14.526184588302801,0.09876543283462524
107,1,3,5,35,78,0.13115771232033416,32,0.01101645949633657,0.8250812355873516,0.6543209869184612
108,2,5,17,10,29,0.24614171210550448,4,5.305480525369574,14.0618772742189,0.12757201658354866
109,3,27,19,6,93,0.06129429031085163,8,0.0010740661533334334,0.2719916426902445,0.8847736642684465
110,4,11,39,3,80,0.6944411233426486,64,0.697981390783066,14.260866286823289,0.11522633750988132
111,2,20,32,31,7,0.03344158774713442,64,3.503842245290676,14.526184588302801,0.09876543283462524
112,3,37,50,31,8,0.6860240187152836,64,0.000312964801067075,1.1577030003316118,0.57201646016949
113,2,35,37,41,55,0.5245055665450743,4,0.4252346334528682,2.536734546653528,0.1069958848349842
114,5,20,27,36,10,0.32119503948578104,4,0.05994842503189409,1.9542500644063754,0.24691357975634037
115,5,45,10,12,51,0.8719944380672605,8,3.9318287557057703,14.260866286823289,0.11522633750988132
116,5,27,18,36,90,0.00900955911453164,4,0.13904108340900698,2.4274975792370705,0.12757201658354866
117,6,50,17,49,11,0.8644446284721001,4,0.0001135154708920999,2.470422167836884,0.12757201658354866
118,3,44,24,24,46,0.700988288477424,32,0.11969557023590428,1.4638425307999914,0.2757201636279071
119,1,22,43,25,97,0.13699407485367116,8,3.5444556739704356,13.730229652467578,0.1481481482094698
120,3,37,8,38,48,0.43089208781455235,16,0.03959110266468459,1.0276241241168584,0.5967078181941814
121,6,33,32,17,29,0.38942998859745537,32,0.03780746663599349,2.5209263224660616,0.19341563792140395
122,1,43,15,17,35,0.23815013410088923,16,9.119267598459299,13.730229652467578,0.1481481482094698
123,3,21,15,6,30,0.23054494169186165,32,0.001911090621689138,0.3239320553072686,0.880658437930998
124,3,26,30,32,86,0.26595136668651853,8,0.007886728615614156,0.34188843487834736,0.8641975325812038
125,5,27,49,20,64,0.024232260980616795,64,0.0006394488428556943,0.5945935124232445,0.8148148165318211
126,4,33,39,9,67,0.34475683401777324,32,0.0006321218475812448,0.4176658349027359,0.7818930046057996
127,2,33,46,24,21,0.1783395678098844,16,0.0642403365939419,1.1247596264866644,0.4609053506527418
128,1,30,30,16,71,0.5577717825290613,32,0.4014242490499322,2.4185606177451677,0.1069958848349842
129,1,27,32,39,48,0.8779757713496102,16,0.01387209780541621,0.9592951629387498,0.5884773684627235
130,5,40,13,5,48,0.09578088882699988,8,0.050431594871713586,1.9773354859018522,0.19341563871858541
131,4,5,14,8,99,0.8817092924259635,8,0.001124737178364752,2.4155952871581654,0.12757201658354866
132,3,39,42,40,60,0.16867001867944637,4,0.0077963601304052365,0.3919772740928725,0.8559670799063066
133,5,26,50,3,27,0.459286996796044,32,0.025258200269627846,1.4257690673502383,0.4074074071621208
134,1,48,33,38,54,0.8642461851752684,4,1.9466563433422632,15.52112861915871,0.037037037037037035
135,4,17,32,23,13,0.0039568953814620115,16,0.007359814475265771,0.46864180757430357,0.8065843609134846
136,5,19,7,11,70,0.15094467606658987,64,0.7923168624866254,15.05682119518641,0.06584362142983778
137,2,42,27,49,45,0.3407535944382207,8,0.0004525386278170167,0.34323678469216384,0.880658437930998
138,3,42,31,29,98,0.15825080102415717,32,0.01052015217616159,0.628585595162317,0.7695473255934538
139,3,38,30,3,21,0.12035009964779948,32,0.008850074914473439,0.8399984434308339,0.6872427993350558
140,5,42,6,46,94,0.1870111993894189,8,0.00014130259905995336,0.5046964969654633,0.7613168712015506
141,1,32,23,43,35,0.301521373409426,4,0.07814350607844542,1.8575093000514027,0.2551440336576705
142,5,26,2,34,100,0.09963527503208146,4,0.0074451229107951435,0.3536552390689222,0.8683127559752131
143,3,22,16,45,34,0.7128194938461444,32,0.005454271305329836,0.533486341620669,0.7736625536479087
144,3,48,10,4,7,0.6080111394777586,16,0.003065395295056527,0.6924111959620268,0.6255144042733275
145,4,38,33,48,68,0.32050835930200433,64,0.16913295170296488,2.701989072831079,0.185185185921045
146,6,36,13,33,78,0.6873043245189815,4,0.09839952296278226,2.417510693946493,0.12757201658354866
147,2,12,11,6,9,0.7945234608845105,8,0.00025728259674479324,1.3291360002486303,0.436213993241267
148,6,45,37,28,78,0.691403292574565,16,0.016681005372000592,0.810598854665403,0.6831275742240404
149,6,19,41,5,39,0.14830939288962072,4,0.000501996513311008,0.3508608213668007,0.843621400893961
150,4,12,10,41,44,0.47551368022056084,4,0.00013186214013947485,1.4749273169678425,0.304526747990047
151,1,26,36,19,41,0.1042143427188186,4,2.47967289250216,14.0618772742189,0.12757201658354866
152,6,38,10,23,76,0.255118222527797,16,0.2033800305846982,2.3221712602999967,0.17695473324614788
153,6,28,37,17,79,0.45235545577855535,32,0.0034796979038876916,0.4203066087247413,0.8395061745565124
154,1,29,49,43,63,0.030336961295677756,8,0.435149650092505,2.447641938802146,0.1481481482094698
155,3,9,33,25,58,0.6688778087748048,16,0.013095350204826677,0.5770256321861911,0.7037037041942769
156,2,42,20,36,89,0.5975238228071131,16,0.06134621717992506,1.4696789293132202,0.320987654443631
157,3,3,42,27,25,0.3319527573187571,64,0.13431611700460153,2.3780718673894436,0.2139917685661787
158,1,29,6,35,19,0.5795104542011603,32,0.00021150728248687948,0.7499723165859411,0.6954732515193798
159,1,4,19,29,95,0.8476321140382905,32,0.0001216424293857368,1.885571045149501,0.3456790113645326
160,1,35,40,22,42,0.6954943468272823,32,0.28083319988231725,1.8792346877816282,0.25102880621643225
161,1,49,2,46,19,0.5131486470885654,4,0.0015352750287804227,0.5655470339604366,0.7407407395143077
162,2,18,6,23,73,0.6590899622261887,8,2.0151357338155584,14.0618772742189,0.12757201658354866
163,1,39,46,13,88,0.3554433992506461,64,0.008451366330684721,0.37402394634706004,0.8683127589186523
164,2,37,25,35,34,0.17767067033092895,4,6.092349152400711,13.730229652467578,0.1481481482094698
165,1,7,18,39,59,0.42031818009345323,16,2.287490817355704,14.0618772742189,0.12757201658354866
166,2,40,45,41,86,0.3694329089330271,4,0.0004371602248248502,0.4920572385253239,0.7695473255934538
167,2,15,30,49,6,0.3040643237448601,64,0.0007258733650817253,0.6313848701524146,0.748971193906211
168,6,25,18,35,67,0.12839795720232702,8,0.7060717714137773,14.52618443524396,0.09876543212942626
169,1,27,3,42,47,0.6313067795739099,64,0.008164167604921472,1.0691452283918121,0.5596707841005836
170,4,3,49,46,71,0.8546479949286048,64,0.021004982416539152,1.6655581252565108,0.41152263349956936
171,5,16,31,2,67,0.3069271943867444,32,1.4593657991557576,13.730229652467578,0.1481481482094698
172,2,29,44,24,91,0.25042229598441607,4,0.9418331534647951,13.730229652467578,0.1481481482094698
173,6,24,30,16,23,0.04730866585604058,64,0.09615746001432096,2.2527670124430714,0.18930041164527706
174,2,3,43,2,21,0.30598435353692593,4,0.002001249798969037,0.9659096733532815,0.5761316882239448
175,2,38,40,31,7,0.4466499585060288,16,0.5737976414214134,2.4669526457295987,0.11522633750988132
176,1,34,24,4,95,0.7031111699154121,4,0.031080821738690638,1.5197952642362305,0.34979423770198115
177,6,39,3,4,36,0.6410280037691118,64,0.000209083769055575,1.676949192957623,0.40329218180581866
178,3,15,39,9,64,0.5600313547298601,4,0.0010139254075588154,0.4124861336294025,0.8271604955441667
179,6,37,14,21,66,0.16555082943179866,8,0.11430311291144786,2.415721834441762,0.1481481482094698
180,4,15,29,8,22,0.14858376659438816,4,0.0017030650292528444,0.3902540820738906,0.8189300399258304
181,6,25,34,4,70,0.1126739697121824,32,0.7653919388230148,13.730229652467578,0.1481481482094698
182,6,38,50,34,93,0.20633092503989497,4,5.429186177618943,14.0618772742189,0.12757201658354866
183,3,35,11,49,44,0.05234573831603261,4,0.41554553347188755,2.478372306980714,0.09876543283462524
184,1,21,16,13,14,0.3988120572659296,32,4.213321743847289,14.393525445412216,0.1069958848349842
185,6,38,14,22,66,0.2768895139471663,16,0.002406475150015424,0.30550304272905787,0.8765432115935494
186,1,15,32,12,51,0.8666838550707475,8,0.17508270317357252,2.4210514796614158,0.12757201658354866
187,1,41,33,24,54,0.5199778924345314,32,6.234401888627864,13.730229652467578,0.1481481482094698
188,4,19,40,50,91,0.4075309819052322,4,9.660174799522645,14.0618772742189,0.12757201658354866
189,5,35,9,37,88,0.3443519537160434,16,0.0001259215613694151,1.4582468187858049,0.6337448552312184
190,6,45,9,5,87,0.3128704222081571,16,0.000320262069365765,0.41667268943394165,0.8353909452756246
191,1,29,23,22,69,0.40788690223649493,4,0.07996554525892346,1.952677143454061,0.23045267391597293
192,1,29,31,22,46,0.17762444465727098,4,0.41554553347188755,2.4821777971683705,0.1069958848349842
193,1,6,46,8,93,0.36598699098011206,32,0.015211855179861048,0.7787436008943942,0.6954732502929468
194,2,30,34,38,85,0.09422892629795875,8,2.3954073587208793,13.730229652467578,0.1481481482094698
195,2,33,2,25,42,0.5769144772353663,8,0.03254711605531848,1.2228351522375036,0.5226337451012537
196,3,42,9,22,96,0.7418102873819507,64,1.4593657991557576,13.730229652467578,0.1481481482094698
197,1,48,31,33,72,0.18155833023832865,64,0.0001699144172034626,0.6514457879978933,0.7983539082385875
198,2,46,22,13,67,0.5323901296081697,16,0.0006619433458774394,0.31670357277731837,0.8683127589186523
199,5,14,35,34,19,0.034238854535034016,8,0.0009140310748756232,0.3349094434407513,0.8395061716130732
200,4,33,29,4,97,0.35149370502023863,32,0.0016835508029612023,0.5667690654350407,0.7530864202436597
201,2,6,8,23,23,0.08959394604037445,16,0.00017589165903277327,0.6628851900375429,0.7983539111820268
202,3,25,35,20,8,0.6045370525442156,8,0.00012447871461879063,0.8438947340588511,0.613168725751555
203,2,38,50,20,59,0.8758874599046241,32,3.9318287557057703,13.730229652467578,0.1481481482094698
204,4,15,2,48,33,0.4586312691004895,64,1.9243509752303323,14.260866286823289,0.11522633750988132
205,6,26,30,33,27,0.1525656588133266,4,2.1346630333242453,14.393525445412216,0.1069958848349842
206,6,48,11,21,99,0.12482353267955067,16,0.9418331534647951,14.0618772742189,0.12757201658354866
207,1,11,38,30,19,0.20745947296749875,8,0.0004126820845702952,0.6021949551968908,0.7078189322487317
208,3,22,45,20,13,0.08538334654047243,32,0.0001906690840512252,0.6870885113629784,0.7366255148938654
209,1,48,2,8,49,0.5470060350661003,8,1.056875971184805,14.393525445412216,0.1069958848349842
210,4,6,12,23,76,0.5906112232714114,32,0.005148867450137497,0.7396541397267409,0.6419753079061155
211,4,35,25,29,68,0.15896395135762872,32,0.4939621743878321,2.4392857355345425,0.11522633750988132
212,6,27,11,22,31,0.10772229154307365,16,0.12108297502320395,1.9706165604140042,0.22222222295808203
213,6,27,9,32,55,0.48714192164066,32,1.2136237983442417,13.730229652467578,0.1481481482094698
214,5,31,28,26,69,0.8894924220149723,64,0.00022927693128656486,2.48864494233465,0.12757201658354866
215,1,50,23,18,36,0.6688121826345647,16,0.0014831025143361043,0.5543472229698558,0.7818930058322325
216,4,28,45,23,37,0.1263598547810588,64,0.00016796748720926532,0.7639646167127193,0.7983539082385875
217,3,11,3,47,7,0.28748278429091617,64,8.316104153230961,15.454799228244358,0.0411522633744856
218,4,6,29,35,17,0.16001452491731855,32,0.00013650078065460138,1.2294019708417572,0.5144032931622163
219,1,2,21,7,45,0.4439865913937365,4,0.3703126675869927,2.4926150060975503,0.1069958848349842
220,1,40,22,29,85,0.7018989967085351,32,0.7393819919175866,13.730229652467578,0.1481481482094698
221,1,39,25,9,37,0.6257530668108493,8,1.2708787092020595,14.260866286823289,0.11522633750988132
222,5,12,17,35,74,0.17710610688610456,4,5.817880074344935,14.260866286823289,0.11522633750988132
223,5,26,15,25,100,0.4758523121027225,64,8.033501977124734,14.52618443524396,0.09876543212942626
224,3,28,48,2,30,0.7475840294488484,16,0.00022148552337263592,0.6687212966597129,0.6872427976180496
225,4,38,25,27,89,0.8668668304179745,64,0.12248646137509307,1.6173816786872015,0.27160493900746474
226,4,23,28,13,30,0.6122614660828615,32,0.4252346334528682,2.40671219452909,0.12757201658354866
227,1,11,27,16,40,0.20607183602398255,16,5.620173848083188,14.393525445412216,0.1069958848349842
228,1,10,36,34,92,0.7767127115920658,16,0.0089526571259964,0.8506394817260067,0.6502057618074456
229,5,21,4,46,42,0.03874922736895782,8,0.08089243486805939,2.3319658585536627,0.27983539106914534
230,2,40,43,45,55,0.05714688063119274,16,0.39227767589277196,2.4287130901352367,0.1481481482094698
231,1,4,11,9,93,0.1722573149445922,32,0.0004032789982193705,0.9569884411101479,0.6008230474750691
232,1,16,27,29,60,0.4315012588479568,8,5.008407989848212,14.260866286823289,0.11522633750988132
233,6,4,30,45,98,0.6576723450978061,32,0.053422932995383525,1.9220162198376753,0.2139917685661787
234,4,33,37,32,36,0.8771225300625419,16,0.0013840160965731315,2.494995452739574,0.12757201658354866
235,1,3,41,48,69,0.32664487059347336,8,0.016874356777273756,1.2824101708062883,0.39506172864034833
236,1,2,47,28,99,0.45438699764288937,4,0.00014968392930772556,1.2358451031853632,0.46090534954895207
237,3,35,23,21,19,0.7888522786491656,32,0.0015710723892474504,0.8502380453019476,0.5925925918567327
238,3,12,45,18,8,0.3485269461692642,4,3.5444556739704356,14.260866286823289,0.11522633750988132
239,3,33,50,40,35,0.19735624879967542,32,4.894289896114532,15.18948065989302,0.05761316872427984
240,1,40,12,28,15,0.15299409380848278,8,0.006335804992658254,0.38130427755936674,0.8312757218816152
241,5,34,11,12,20,0.7461796102596935,8,0.023033628731421313,1.5124103154665158,0.30864197432749557
242,6,48,5,10,8,0.49099011402258125,32,0.00017793043899185773,2.0267367863360746,0.3333333329654034
243,6,13,20,19,92,0.17808517502783763,16,0.04242556430717777,1.6480508537449463,0.44444444591616405
244,4,5,21,7,18,0.6617839772317516,4,0.4996877453854884,2.5002724368876392,0.1069958848349842
245,3,27,39,32,36,0.6095249491271542,16,0.0019332422875550453,0.45331035431765726,0.7736625519309024
246,4,12,21,33,86,0.4630183737002747,8,0.0001622595287078087,0.78971844825725,0.6872427988444827
247,2,12,37,24,63,0.18615557373888492,8,0.02005867779508234,0.5389711127114394,0.794238681901139
248,2,36,5,22,7,0.3200441557867925,16,0.04291732378422158,0.8915180586002491,0.5967078181941814
249,6,19,42,13,95,0.6340421987773552,16,0.03610418597173337,0.9941603565902867,0.5308641955685713
250,5,2,16,4,14,0.5460520158612189,8,0.0007689283720758313,2.175308636677118,0.34979423892841416
251,3,44,13,35,63,0.5449347926886011,64,0.0036438589837635444,0.7421021287333328,0.6995884778568283
252,1,45,23,49,67,0.18294050689031816,4,0.021248453524988827,0.7638135025040113,0.6625514408197913
253,5,9,23,14,97,0.579280298510501,32,0.5354620899273608,15.388469405625584,0.04526748974259498
254,4,44,19,39,82,0.569972794355967,64,0.013095350204826677,1.400200777583652,0.48971193219408576
255,2,43,5,39,49,0.8883161673592915,8,0.0019332422875550453,1.1993718672191165,0.5185185182732319
256,5,25,45,11,44,0.2885471845173738,32,0.0021945290862033138,0.5844519963725604,0.8024691345760361
257,3,38,30,47,62,0.013974446781962547,16,0.08768856094587427,2.459716805705318,0.25514403194066426
258,1,26,31,44,57,0.2787314355631647,4,0.6742622241778342,14.393525445412216,0.1069958848349842
259,1,2,37,38,15,0.48711092732183103,4,0.2179406984302956,2.424112674140145,0.12757201658354866
260,3,11,2,4,5,0.628509421259095,16,0.3833395101766601,2.409587254740083,0.1481481482094698
261,5,48,14,37,68,0.06906237244073316,4,0.012505385872903913,0.4803224139743381,0.8189300428692696
262,3,23,38,6,29,0.21086137487496348,32,0.6899837121430018,2.444864461451401,0.1481481482094698
263,1,21,39,16,24,0.6132187194566704,16,0.0818300681586739,1.2471384437977042,0.43209876506416883
264,3,12,46,18,42,0.7115849384440878,32,0.0019332422875550453,0.8369942086714285,0.6172839515984304
265,2,23,10,7,34,0.5878410338425492,8,0.13744790926775366,2.0994888156529807,0.2345679007439947
266,1,20,16,9,46,0.6155966540051566,4,0.0029612254379880344,0.5962895246935479,0.748971193906211
267,4,3,4,17,23,0.18993250012264498,64,1.1456687286348726,2.4364503342428323,0.12757201658354866
268,2,2,31,29,55,0.3113201105027682,4,3.7116718194757667,14.0618772742189,0.12757201658354866
269,1,46,13,15,58,0.10163937749802543,64,0.000872852662384838,0.4310296185222673,0.8518518535688581
270,3,37,18,5,30,0.05844698907240458,16,7.583677914997191,13.730229652467578,0.1481481482094698
271,5,38,40,32,87,0.4341705423521705,64,0.2033800305846982,2.7353878757100047,0.12757201658354866
272,5,14,31,48,84,0.15999664685542872,8,4.361537789208006,15.18948065989302,0.05761316872427984
273,3,48,31,14,88,0.4864598624826704,4,0.00019966424501097934,0.29200805551966524,0.8641975325812038
274,5,12,14,10,7,0.22496824503463447,64,0.10186101701559752,3.660129948408025,0.09876543212942626
275,6,38,37,18,59,0.4470841570774795,8,0.7225349491787214,14.52618443524396,0.09876543212942626
276,5,46,13,45,60,0.4438959353514222,4,0.004281851798652416,0.3826502064250624,0.8353909482190638
277,5,15,12,43,91,0.8998225231323785,32,0.0008431909292866259,2.4195410871701966,0.12757201658354866
278,1,11,48,30,87,0.781718470904189,4,0.00034319071974590426,0.8806676800849507,0.6337448581746576
279,1,23,12,49,96,0.20515817828518262,8,0.6742622241778342,14.52618443524396,0.09876543212942626
280,3,47,7,22,93,0.49425182299308523,64,2.4231727942376007,14.0618772742189,0.12757201658354866
281,1,18,29,18,40,0.7774116092817366,16,5.555776222398878,15.18948065989302,0.05761316872427984
282,5,40,20,24,26,0.8835869806871879,64,0.5804485942768978,2.429063256385395,0.12757201658354866
283,5,21,4,26,23,0.2660338905159914,16,0.0017629753752872058,0.46497526703548037,0.8106995889679395
284,4,19,17,26,100,0.11422152535050649,64,0.0004174655289253135,0.328754728345714,0.8559670786798736
285,5,12,15,46,40,0.10394594324724532,64,0.13904108340900698,2.1374242580476612,0.24691358098277338
286,4,2,28,19,74,0.5432677992995574,64,0.0004079534503452449,2.3049039085215504,0.22222222295808203
287,3,50,25,47,93,0.6475916251302904,4,0.4203621683844714,2.5059241914945374,0.09876543283462524
288,4,43,23,21,18,0.4935387935293403,4,0.04193943955667186,1.9830990588223492,0.16872428057125075
289,5,20,35,28,65,0.6857455057092677,4,0.17109339072690152,2.421291630945088,0.12757201658354866
290,1,2,22,4,24,0.39631311404478065,8,0.0024343688735431104,1.1851596520761403,0.4814814795191886
291,2,32,33,32,44,0.18043579565683335,8,0.00022664980792736928,0.3064340069092841,0.8518518535688581
292,4,7,44,15,29,0.823655247616745,16,0.10915359353313911,1.6922863613921428,0.3004115233696047
293,4,42,13,49,69,0.11743873096811872,16,0.0004962444877628913,0.3787300114523727,0.8683127589186523
294,3,21,17,29,53,0.8685071373208861,64,0.2105345242766706,2.2085618923720998,0.15226337454691835
295,1,25,44,20,67,0.21302769079253897,64,0.25609931002584596,1.8631824053854609,0.1934156379827256
296,6,5,36,30,94,0.054975413263845786,8,0.000312964801067075,0.5688827311305843,0.7407407395143077
297,5,17,13,22,54,0.13332661604846888,8,0.2840883690183304,2.4218779238163197,0.12757201658354866
298,2,16,25,38,18,0.3001675717265959,4,1.2419213527017847,15.189480754083077,0.05761316875494066
299,4,47,37,11,85,0.12538189417089188,8,1.754867149648152,14.393525445412216,0.1069958848349842
300,5,30,18,22,90,0.6077384496171929,8,0.0046953900106800625,0.6617728887516775,0.7242798346550867
301,4,14,23,17,81,0.32615172960898875,16,0.0011777987011971193,0.3225658875679283,0.8724279823126616
302,5,47,30,40,42,0.16703681750053023,16,0.04005000757873611,1.1806385340514007,0.580246911617954
303,2,36,19,8,78,0.5106930698843366,4,0.000278898029238044,0.48144759648621327,0.7983539099555937
304,1,5,21,10,38,0.1499360527383717,16,0.7566218500481054,13.730229652467578,0.1481481482094698
305,5,30,29,12,60,0.2544889002227118,16,0.051016153147498335,0.9672799924764123,0.5967078169677483
306,2,23,17,5,68,0.10536475172031301,8,0.09839952296278226,1.8459057616598813,0.28806584313082595
307,6,39,30,22,33,0.18071359846796212,32,0.28738126918510665,2.4150526199811773,0.12757201658354866
308,4,23,16,4,25,0.5006153018691228,4,0.5172657387216019,2.5034832738554527,0.09876543212942626
309,4,34,24,3,51,0.5291814621278698,16,0.009704808877380306,0.3450552886773529,0.8395061745565124
310,3,20,25,42,39,0.2941985605578573,32,3.503842245290676,13.730229652467578,0.1481481482094698
311,3,45,13,23,24,0.007504047181609119,64,0.00021643890860640203,0.575501207093643,0.8559670799063066
312,2,42,5,14,77,0.22125303251871195,16,0.30795587129142266,2.380518420733542,0.16872427934481773
313,6,26,17,33,39,0.0879065542289333,16,0.009593608287093146,1.336899414229295,0.5514403272558142
314,4,18,48,18,31,0.6218710431860525,8,0.05404216420705915,1.4568969835469752,0.31275720238195037
315,2,34,7,18,60,0.3783271509650158,4,0.09505565920101192,2.4269427939206976,0.12757201658354866
316,5,30,2,34,13,0.5502782193149943,16,0.5293266058360562,2.437624011020111,0.1481481482094698
317,6,8,10,2,40,0.11572011744059756,32,2.0860240892485047,14.526184588302801,0.09876543283462524
318,6,26,9,10,72,0.5446867717557028,32,0.015388177500383463,2.948544540523011,0.24691358036955688
319,1,3,18,2,30,0.04397529152977584,32,2.45126006203334,14.0618772742189,0.12757201658354866
320,3,23,45,39,31,0.6244892333842753,32,0.0014831025143361043,0.6129209759794636,0.7201646095440711
321,2,32,21,21,37,0.41475541799885157,16,9.440064789417603,14.0618772742189,0.12757201658354866
322,4,21,10,8,18,0.693066171961265,4,1.4261137071941299,13.730229652467578,0.1481481482094698
323,2,46,19,3,75,0.208125052046339,16,0.005148867450137497,0.5616977602979283,0.7860082292262419
324,6,27,15,13,53,0.6234967307252209,8,0.7479522515621821,14.52618443524396,0.09876543212942626
325,1,46,46,28,98,0.6876470604930803,8,0.0012621213145225473,0.3237838644243072,0.8683127589186523
326,5,14,15,34,85,0.04249929061856955,32,0.22822244741868986,2.228499589142976,0.19753086493339067
327,5,11,44,15,62,0.7828969100539979,64,0.002001249798969037,1.2002434897324676,0.4444444453029476
328,6,23,2,13,78,0.452505530623884,8,0.6742622241778342,13.730229652467578,0.1481481482094698
329,2,26,41,17,25,0.012162844431446508,8,0.29408201705870635,2.4402466075410567,0.12757201658354866
330,2,27,11,38,44,0.6891423635133915,4,0.09954008287621519,2.2466834847328596,0.22222222173164902
331,4,38,12,5,20,0.04637605342550129,8,0.0077963601304052365,0.37776299559898335,0.843621400893961
332,2,8,40,4,43,0.2542572709442379,8,3.9774030240580367,15.189480754083077,0.05761316875494066
333,4,44,22,28,80,0.15582526827004545,64,1.7148819698705409,14.0618772742189,0.12757201658354866
334,1,18,15,32,18,0.7861056095113254,32,0.00263889081445751,0.7830144664878217,0.6625514425367975
335,6,18,20,41,71,0.7756822496554573,16,0.6078323128297229,2.450249859335001,0.12757201658354866
336,6,23,12,12,94,0.7912343663851524,4,0.029680586086656024,2.2948617366115744,0.1604938272218155
337,6,40,12,16,58,0.899619968101824,64,0.00019737643263002553,2.471180862850613,0.12757201658354866
338,5,43,22,10,87,0.8740411886789045,8,0.0007959777002314986,2.4445275141869063,0.12757201658354866
339,4,42,45,50,92,0.7754071576702168,4,0.0002821307675939471,0.5137273026591956,0.777777778268351
340,2,10,47,12,64,0.1710916727370764,8,0.34161232685855286,2.4434801737467446,0.12757201658354866
341,5,22,49,13,37,0.2418173724488891,64,0.01294529978227916,2.377123397073628,0.16872427885424454
342,5,26,4,37,57,0.8145058904990035,8,0.0035608325526292777,2.583740472793579,0.037037037037037035
343,6,37,38,43,45,0.23216166642917,64,0.016874356777273756,2.7058131518187345,0.09876543212942626
344,6,7,20,13,13,0.09374518745423348,64,8.608647696149244,14.526184588302801,0.09876543283462524
345,4,26,44,41,22,0.7307414080266613,16,0.10544427935261684,1.8612474163863884,0.2839506163028042
346,6,50,21,23,38,0.2719544749389669,4,0.03959110266468459,1.9963614410824246,0.1481481482094698
347,5,21,7,38,27,0.5980674545682245,4,0.008354528058382871,0.6426878744437371,0.7572016478075412
348,6,32,40,10,53,0.3018950438670772,16,0.002001249798969037,0.3019524859609427,0.8600823062437551
349,6,2,47,2,41,0.68419726601022,4,0.008164167604921472,1.4465474989188551,0.40329218131524547
350,2,4,40,10,78,0.458241735640821,8,5.305480525369574,14.0618772742189,0.12757201658354866
351,5,41,21,37,84,0.5724636187131086,8,0.0939664831495469,2.0166435820575606,0.16460905355926403
352,3,14,43,37,87,0.6534342383417434,4,0.0017629753752872058,0.46946819132738155,0.8065843609134846
353,1,37,22,15,82,0.7144888521581936,32,3.2322839781813806,14.260866286823289,0.11522633750988132
354,3,47,4,32,98,0.09519417910410569,4,0.00021150728248687948,0.4095924685521381,0.7942386836181452
355,6,15,7,48,45,0.19792762796226,16,0.15072253093107554,2.129397891676475,0.2222222212410758
356,6,43,15,4,82,0.40116190892511977,16,0.0007689283720758313,0.47342625763190627,0.7448559675687625
357,5,15,15,3,12,0.4797613022911041,32,0.00017999285067824765,1.9342534267362743,0.42386831373834805
358,3,49,10,21,65,0.17593799492103318,16,0.0070282442643083524,0.1966717662634673,0.9341563803178293
359,4,22,35,32,56,0.6044138625505763,8,0.0005967271195973311,0.5970154990875182,0.7530864202436597
360,3,11,34,44,74,0.45357181746316316,4,4.1173199311616795,15.18948065989302,0.05761316872427984
361,1,33,2,26,92,0.4575968519799667,8,0.017467962151272456,0.7121639066517599,0.7366255148938654
362,3,48,41,5,34,0.46441664134620075,4,0.12826498305280598,2.424383050620311,0.1069958848349842
363,6,36,19,36,30,0.6034934535448764,64,0.001722805447131394,0.3308028346349182,0.8559670799063066
364,1,48,22,45,51,0.3789924228248592,16,0.0837380653526649,1.2166963989842576,0.41152263349956936
365,3,38,28,37,25,0.44175021162998357,32,0.0001288576213185518,0.6530415580105879,0.7572016465811082
366,1,34,37,27,40,0.48811663392720833,64,0.000872852662384838,0.6740100148283406,0.6831275712806011
367,4,46,14,32,28,0.508250088854166,32,0.00016414029711444664,1.120524048069377,0.6872427988444827
368,5,3,13,34,21,0.4315651831583918,4,0.0006394488428556943,2.446153861505014,0.12757201658354866
369,4,2,8,43,86,0.6101127653361056,64,0.00017188391428171455,2.424069336902948,0.12757201658354866
370,3,36,46,25,77,0.391384463408005,8,0.002119953457536071,0.2644476220624928,0.9053497959556893
371,4,7,42,30,10,0.3809940900176475,32,3.0866649433372744,14.393525445412216,0.1069958848349842
372,2,42,9,32,93,0.11921524129919756,8,0.08569055051268347,2.0257663687560785,0.22222222173164902
373,3,2,48,9,82,0.8747011236224647,4,0.017875255259042353,2.025762098806876,0.1481481482094698
374,1,27,9,41,61,0.20577282955124593,32,2.0860240892485047,14.393525445412216,0.1069958848349842
375,5,38,38,30,25,0.08026127744991367,16,0.003949995461220643,0.30236652839944195,0.897119341563786
376,6,40,23,12,21,0.5218632141859361,32,2.6572011053245066,14.0618772742189,0.12757201658354866
377,3,34,6,27,8,0.11737285357510864,64,0.8890965989529158,2.429198455418088,0.1481481482094698
378,6,10,34,15,59,0.3300657581029413,4,0.0012767507043192658,0.3899129037994416,0.8559670799063066
379,1,42,40,18,97,0.5616730417652687,4,0.0008932045998580969,0.5891224927127116,0.740740741231314
380,4,5,50,40,64,0.1332636627154191,64,0.00012447871461879063,1.3819397452436848,0.4814814807456217
381,6,44,3,28,89,0.16350450556743382,16,0.00017188391428171455,0.5381572175418399,0.7654320992560053
382,2,19,36,4,84,0.2203202369994336,32,0.7653919388230148,14.260866286823289,0.11522633750988132
383,1,8,41,4,53,0.035512695719402125,16,0.004232789065573553,0.32550807752543026,0.8847736642684465
384,1,19,22,2,44,0.3695511006481759,32,0.023033628731421313,0.5834357667361758,0.7777777799853572
385,6,28,31,48,32,0.47489138167885275,16,5.88531577519145,14.0618772742189,0.12757201658354866
386,3,17,13,15,86,0.8307088624892064,8,0.0837380653526649,2.144680991584872,0.1851851853078285
387,4,14,37,41,42,0.4319604598945498,4,0.03292437333007769,1.3178044140584184,0.36625514427820843
388,4,29,26,27,38,0.5271618340741563,8,0.0023516428844943486,0.5784796683631316,0.7325102902734231
389,5,40,3,40,36,0.21671619581764698,8,0.0074451229107951435,0.31553896366323464,0.8641975325812038
390,1,6,5,20,8,0.8960486928870244,8,0.049853734638738934,1.872670771163187,0.24691357975634037
391,6,26,2,2,51,0.8106666513715204,8,0.04145888496832911,2.443684967457022,0.12757201658354866
392,4,16,18,25,40,0.43029289726745984,32,0.11299339380332217,1.185738301816791,0.46913580332763893
393,3,28,29,23,14,0.17670844749696527,16,0.008164167604921472,0.8065084439736826,0.6502057605810126
394,3,37,4,46,5,0.5176844881100109,8,0.005454271305329836,0.614776073659889,0.7037037024772707
395,1,41,42,31,20,0.0921928751455333,64,1.9243509752303323,2.467992267490905,0.1481481482094698
396,3,47,32,30,39,0.693048865674669,4,0.08089243486805939,2.412223538253533,0.1481481482094698
397,6,47,41,29,85,0.42948616035994625,4,1.4261137071941299,14.0618772742189,0.12757201658354866
398,3,6,19,39,49,0.42359776178254177,4,0.030024617090855493,1.021794991238127,0.5679012326056084
399,6,41,36,16,11,0.14688268291465564,8,0.09077326525210223,2.7400054647108165,0.1604938272218155
400,1,47,37,17,54,0.3058688118190965,64,1.6758078645307688,14.526184588302801,0.09876543283462524
401,1,22,13,21,14,0.15042132149250195,64,0.12826498305280598,3.0178419277991777,0.3127572006649441
402,6,28,12,27,62,0.3549744523313076,32,0.27128978003724674,2.415404165723196,0.12757201658354866
403,6,50,21,41,38,0.4166838839586806,16,0.5416686911033152,2.432392770861402,0.1481481482094698
404,5,42,37,11,14,0.3949263140100002,16,0.01706994934038408,0.5147196132950331,0.8230452662632789
405,1,33,8,24,96,0.8386717791787293,4,0.006483534286054727,0.6935075046839537,0.7325102868394106
406,4,38,33,21,5,0.6949814558503532,32,0.00011887076977119033,2.011918664959723,0.2633744846155614
407,1,38,17,7,90,0.7805323179914787,16,0.18979216428391013,2.049065591376505,0.18930041225849356
408,6,33,35,21,36,0.1049469819603569,4,1.4933932161242534,14.52618443524396,0.09876543212942626
409,5,18,16,47,84,0.1097701361184789,32,2.719157943036019,14.0618772742189,0.12757201658354866
410,3,46,3,44,12,0.5711925359583528,8,1.0815187025522892,2.544371219328892,0.1481481482094698
411,5,49,38,12,39,0.8889867307234565,8,2.6267541037238384,15.52112861915871,0.037037037037037035
412,6,35,15,17,84,0.7075384907051346,8,0.0008052039670825478,0.9131814567640485,0.5843621391818357
413,6,47,24,7,94,0.3402704550668119,64,0.015388177500383463,2.6648500358126292,0.09876543212942626
414,1,6,27,33,64,0.32761451494550614,16,0.001321664183946605,0.48644167460777143,0.8065843609134846
415,6,28,10,30,62,0.6724551200839921,4,2.314005380130654,14.52618443524396,0.09876543212942626
416,1,15,42,34,5,0.8299437557995104,32,0.08768856094587427,2.408575856636581,0.12757201658354866
417,3,5,10,20,47,0.816936276745501,4,3.669142378402494,15.454799228244358,0.0411522633744856
418,4,35,25,10,18,0.01865654229759085,16,0.0001216424293857368,0.3280886756294549,0.917695474968035
419,3,22,48,4,87,0.21101517995721664,32,0.00011092898648952228,0.6970244083139632,0.6543209886354674
420,4,3,4,15,44,0.6063920176711468,8,0.04291732378422158,1.744678546371774,0.22222222234486552
421,5,13,46,50,52,0.45060622094443953,8,0.00039865810735804387,0.42542439570397506,0.8024691362930424
422,4,32,48,3,32,0.14151544588718462,8,0.0015710723892474504,0.3162881081364282,0.8765432115935494
423,5,37,35,32,55,0.12876239071511977,16,0.013400688963639508,0.510127552497534,0.8312757194287492
424,6,46,19,20,85,0.15248558776109755,8,0.3338285864731761,2.4597424901561973,0.09876543212942626
425,5,45,31,18,12,0.27617554857364823,32,2.47967289250216,14.260866286823289,0.11522633750988132
426,5,4,42,8,11,0.6414488656906201,8,5.366976945540476,14.526184588302801,0.09876543283462524
427,5,8,43,34,64,0.7258908838067074,4,0.0008052039670825478,2.3716129883817194,0.20576131693374963
428,1,28,26,19,99,0.2392527020553423,4,9.660174799522645,14.260866286823289,0.11522633750988132
429,3,32,44,36,36,0.16826314927411717,16,0.18979216428391013,2.02415961198846,0.17695473263293138
430,4,20,37,10,86,0.42317086087246064,8,0.00012738113231864785,0.5309234842842008,0.7572016482981144
431,1,6,40,34,89,0.3605707918158698,32,0.015746977146430866,0.7575772955339142,0.691358023464925
432,5,15,29,14,34,0.4066204879422589,64,0.2502640096417919,2.323267431416139,0.17695473201971484
433,1,40,3,30,72,0.17415614954175643,16,1.9023011886689458,13.730229652467578,0.1481481482094698
434,2,40,49,29,52,0.38840920060953776,64,0.0001303512244681509,0.7866137248498423,0.7654320992560053
435,2,25,47,23,65,0.352247436115145,4,0.0027004207188377725,0.31815444613680427,0.8600823062437551
436,3,42,44,6,52,0.8491380846672505,8,0.00013339056900390586,1.3141524526807997,0.37448559633988904
437,1,17,12,26,52,0.6705270430476279,8,0.0005317723177850966,0.5846663901099453,0.7448559675687625
438,4,29,18,17,76,0.6677937575061038,4,0.6008675891719687,14.52618443524396,0.09876543212942626
439,3,33,22,22,62,0.8494291483258778,8,0.02555097090352507,1.1984032512692266,0.44032921614470305
440,5,6,30,39,20,0.12290433366002992,8,3.2322839781813806,14.0618772742189,0.12757201658354866
441,1,33,26,27,70,0.8975986263740717,32,0.25609931002584596,2.4229590971283463,0.1481481482094698
442,1,23,12,37,56,0.6384939191260546,8,0.16527920614648955,2.0206123178387867,0.20576131699507128
443,5,28,24,27,67,0.1478691699910973,16,0.01871855294965579,0.8267315346517681,0.609053495980094
444,2,12,40,44,80,0.6784614358591179,4,0.004804870439655134,0.6950214252550415,0.6707818922682555
445,5,27,2,14,82,0.33540754248808746,32,6.162966255132942,14.0618772742189,0.12757201658354866
446,5,12,21,38,85,0.23713887699197164,4,0.010399609139541204,0.4025843989088702,0.8230452692067182
447,5,42,42,49,42,0.3998113247453244,8,3.051297017182871,13.730229652467578,0.1481481482094698
448,5,11,47,23,49,0.026134968033699846,64,0.0008335293965098195,0.688168655329771,0.7818930028887933
449,3,24,13,7,21,0.8273213446216564,64,5.305480525369574,13.730229652467578,0.1481481482094698
450,1,38,34,10,25,0.693551124903918,4,0.013095350204826677,0.7553218675493704,0.6831275725070342
451,5,2,7,14,80,0.8770308280202651,4,0.08470868266557402,2.4152578532450484,0.12757201658354866
452,3,6,5,21,46,0.7761233843363088,4,6.836516004510239,14.52618443524396,0.09876543212942626
453,4,38,32,10,80,0.27479649313006527,16,4.165044248545185,14.52618443524396,0.09876543212942626
454,5,42,28,49,25,0.8930737318952394,32,0.04242556430717777,1.4807041127985887,0.24691357987898369
455,4,19,43,7,30,0.6053715478371419,8,0.0061204983724767025,0.3972027740851351,0.8395061745565124
456,4,2,40,2,77,0.44044162552948474,16,0.20573743134329137,2.027909005129779,0.26748971205679967
457,2,15,9,2,21,0.33298929672265126,32,0.8201889499202203,2.434258837758759,0.09876543283462524
458,5,10,28,37,67,0.27289661527489867,4,0.00013808297652180923,1.076045780760761,0.5637860074945928
459,1,45,49,40,42,0.6610667987368051,8,4.3115619903182285,13.730229652467578,0.1481481482094698
460,4,8,26,43,26,0.6994290395842202,32,0.00016414029711444664,2.5558063787687955,0.05761316872427984
461,4,11,32,45,87,0.6406128177635262,16,2.47967289250216,14.0618772742189,0.12757201658354866
462,6,18,25,20,51,0.8893254639601411,8,0.4827070965603183,2.4640798264570196,0.12757201658354866
463,4,17,22,26,43,0.020524918931276236,8,0.012796968682159416,0.35995111617531794,0.8765432115935494
464,6,5,24,31,81,0.8810931590694109,32,0.12390621569479156,2.410474447556484,0.1481481482094698
465,3,43,9,39,82,0.3288734812264387,4,4.620241371751313,14.0618772742189,0.12757201658354866
466,5,37,17,28,75,0.2867631523281057,4,0.0007175560918936928,0.4063899378472395,0.8312757218816152
467,2,21,29,38,34,0.07039304932862721,16,0.0007012063589007184,0.25569875035511613,0.8765432115935494
468,1,9,31,11,31,0.13995437636301666,64,0.02029118018046678,0.8307324115631511,0.7201646095440711
469,4,8,5,4,16,0.08572635119472816,32,2.0621218039991445,15.05682119518641,0.06584362142983778
470,1,18,21,43,37,0.39973186309929437,32,0.12108297502320395,2.5621318591474997,0.341563785027084
471,3,37,17,25,84,0.07987086272515848,8,0.27128978003724674,2.4235002121317044,0.1481481482094698
472,1,50,38,19,62,0.22472414360353996,8,0.00025433457613046484,0.5883241690725947,0.6831275742240404
473,5,35,45,42,44,0.4385131222411823,8,5.008407989848212,14.52618443524396,0.09876543212942626
474,1,19,30,11,29,0.03986741680221743,64,0.003247218492073129,0.8304369740280104,0.6831275707900278
475,4,37,50,4,77,0.45926080330020547,8,0.29749075472144404,2.4245122214894237,0.1481481482094698
476,5,24,33,22,20,0.4118813430199895,4,0.006868103588995308,0.40665044718318516,0.8353909482190638
477,6,27,6,20,94,0.6183136867663577,4,0.0009140310748756232,1.6999449729919434,0.30041152165259843
478,2,28,47,23,99,0.0673776376442,4,0.0007959777002314986,0.302083688324371,0.8559670799063066
479,1,2,50,34,95,0.8422854965559854,16,0.0012621213145225473,1.594179085252707,0.2757201636279071
480,4,32,35,27,48,0.5748221526547395,8,0.10790287915161836,2.2368018401503074,0.1481481482094698
481,4,27,37,31,96,0.8288110180410877,4,0.03408258547423452,1.5285894978684162,0.39094650168968326
482,2,10,24,47,81,0.24732881062621134,32,0.00029544079988803797,0.37760932050614693,0.8683127589186523
483,1,3,3,38,65,0.010803828037541463,4,0.11969557023590428,2.431447629575376,0.1481481482094698
484,5,13,22,50,40,0.7675651867684403,16,0.05404216420705915,2.708054444426862,0.1152263374792205
485,6,49,32,42,61,0.5498454781527524,16,0.013400688963639508,0.4051883053877717,0.8312757218816152
486,6,6,14,22,75,0.771749766442834,64,0.1006938631476027,1.993004032123236,0.20987654333251984
487,3,7,41,28,31,0.19736063479398905,32,0.697981390783066,2.4536804544582287,0.1481481482094698
488,6,16,4,24,96,0.5572386674928081,16,0.0001288576213185518,1.9514713110747162,0.255144033044454
489,6,6,15,50,51,0.14212194452133695,64,0.044427067496068826,4.108232442243599,0.1481481482094698
490,5,41,10,18,68,0.043150809297591755,4,0.001978318882784164,0.3892418595007908,0.8395061745565124
491,4,47,36,21,72,0.6124057186838099,8,0.05791122647641758,1.6800701770272275,0.33333333235218693
492,4,48,12,40,52,0.7397628882565424,8,0.024968784288843266,1.3284665032178777,0.5102880668247678
493,5,30,11,40,71,0.4047697447472701,8,1.5819734815786015,13.730229652467578,0.1481481482094698
494,6,29,19,29,48,0.14435176977035338,64,7.671581176779302,14.0618772742189,0.12757201658354866
495,6,9,20,5,49,0.5126098080287678,16,0.07814350607844542,1.5251795225182678,0.34979423892841416
496,6,29,3,50,65,0.018207216882896515,4,0.5293266058360562,14.393525445412216,0.1069958848349842
497,1,3,20,3,61,0.1451745735740383,64,1.3618652367560828,14.393525445412216,0.1069958848349842
498,2,47,43,19,10,0.19410684592641797,4,0.04291732378422158,1.495486179006443,0.33744855918020866
499,2,23,4,22,81,0.3522513999224289,8,0.0005504789807854967,0.3418334499921328,0.8600823062437551
500,6,40,46,39,62,0.5689529603378007,8,0.051607487103859075,1.7113958474539925,0.2839506175292372
501,2,46,34,11,60,0.7053855887804217,16,0.26818126094530154,2.4098042764781433,0.12757201658354866
502,4,20,16,7,47,0.11089575713228016,8,0.004232789065573553,0.4140319548884537,0.8353909452756246
503,4,27,35,24,74,0.05802932752233652,4,3.754694224073337,15.18948065989302,0.05761316872427984
504,3,45,35,45,29,0.47326303692491606,64,0.055302242561929005,1.2233850997661857,0.5761316882239448
505,3,3,9,6,41,0.1726740874876219,64,0.01915500555573528,1.5110652628258914,0.32921810711852806
506,1,9,27,16,41,0.8210934787410823,64,1.0815187025522892,14.52618443524396,0.09876543212942626
507,6,24,12,21,28,0.6166517139727284,16,0.0004032789982193705,1.8130269423433782,0.34979423770198115
508,3,42,44,44,27,0.30499779808021943,32,3.6271002523306484,13.730229652467578,0.1481481482094698
509,3,14,46,5,45,0.5586196799297012,16,2.1594061521035677,15.454799228244358,0.0411522633744856
510,3,50,29,43,74,0.737458050068915,16,0.19874595495809838,2.396227504981398,0.1481481482094698
511,6,27,47,31,81,0.3332153496931112,32,0.04291732378422158,2.2403479917549793,0.40740740826591054
512,6,25,30,38,56,0.06472806628637118,16,3.798215306190736,15.388469405625584,0.04526748974259498
513,1,42,33,22,56,0.7836709573275591,64,0.00018848434090337955,0.9386885982972605,0.6296296318372091
514,2,49,37,30,50,0.7063292039163115,16,0.011669898186171476,0.6607427321098469,0.6831275725070342
515,4,4,25,33,27,0.8872532492719006,32,0.0046953900106800625,2.253742908744655,0.18930041115470383
516,1,41,40,20,12,0.49320802356208326,8,0.00035119275304507276,0.412259790080565,0.8518518535688581
517,4,12,22,19,62,0.3314525643914982,8,1.6758078645307688,15.189480754083077,0.05761316875494066
518,1,35,39,28,60,0.5742745267581262,32,2.9476062551248585,14.526184588302801,0.09876543283462524
519,6,12,4,9,20,0.8105014845972056,16,0.001783410220710008,2.4457653922799194,0.12757201658354866
520,1,34,4,16,5,0.4698713720558537,16,0.04494202662119142,1.3261537625465865,0.3786008226773376
521,2,31,6,32,20,0.017331734021529887,4,0.03610418597173337,1.1662602169523515,0.4814814817267681
522,4,20,14,47,99,0.3237831777036674,16,0.004281851798652416,0.435154664479656,0.8395061745565124
523,5,12,6,50,18,0.08714418500274278,64,0.00024853948574297984,0.8866266573898096,0.7366255153844385
524,1,33,44,34,55,0.8278456507727205,16,0.018504070195423022,0.9126562716539014,0.6008230462486361
525,2,22,44,38,36,0.23288286107904066,4,0.07814350607844542,2.0165364457746593,0.2181069966206335
526,5,25,40,32,83,0.16294768834566953,8,1.056875971184805,13.730229652467578,0.1481481482094698
527,2,45,12,19,41,0.7162099125130125,4,3.0163343472591975,14.52618443524396,0.09876543212942626
528,5,33,19,4,94,0.3609222639274351,4,0.007618717702322999,0.4331523079440427,0.8065843638569239
529,1,42,5,23,47,0.5140190806638733,32,0.1730765534195726,1.3976517891197047,0.37448559633988904
530,6,47,3,16,28,0.38411373092401374,16,0.00010965792912678099,1.5959763198232455,0.42386831251191504
531,6,49,25,22,83,0.40243297292178165,4,2.8474391664672476,14.260866286823289,0.11522633750988132
532,1,46,35,46,63,0.2509091478055769,16,2.0621218039991445,14.0618772742189,0.12757201658354866
533,2,46,12,50,48,0.6896619434263203,32,0.0007689283720758313,0.4208622905943129,0.8477366260049765
534,3,26,48,19,45,0.00630268665107322,4,0.024399862972595502,0.6287842789059314,0.7325102902734231
535,6,14,26,46,67,0.4599120015516442,16,0.002995549334359813,0.28328783754949216,0.8683127589186523
536,2,25,28,12,69,0.04812163264530905,64,0.002995549334359813,0.3488704252512857,0.8765432115935494
537,2,11,46,24,29,0.4616217259090405,8,0.00010351779556301762,0.8822813173870981,0.6172839498814241
538,3,11,31,44,75,0.0016918164945294745,16,0.04760775230226368,0.862298702506862,0.695473253236386
539,1,26,24,11,24,0.4533952895914369,4,2.209756114795903,14.526184588302801,0.09876543283462524
540,5,31,5,37,86,0.07341105274901158,16,0.004749814803228504,0.4302326809967496,0.831275718938176
541,5,29,3,43,34,0.8719318255883473,8,0.46096044868284336,2.457481644281144,0.09876543212942626
542,6,36,10,23,52,0.1573562700205556,32,0.056591701632462424,2.5721549928924183,0.370370370615657
543,3,4,6,22,68,0.030031824387171623,8,4.41209286319119,14.52618443524396,0.09876543212942626
544,5,11,48,4,26,0.8170914335361575,4,0.002578762887593801,1.812442681426374,0.27160493729045854
545,4,18,41,3,46,0.6423472862008192,64,8.608647696149244,13.730229652467578,0.1481481482094698
546,3,49,13,42,94,0.718105742893679,64,0.16151326935030913,2.248501136960316,0.18518518524650684
547,6,48,40,5,93,0.4700228199038528,64,0.001783410220710008,1.1741475641972734,0.5473251021447986
548,2,45,22,32,11,0.0444096654942227,64,0.00013968351179887396,1.499728164555114,0.7983539082385875
549,3,43,23,36,5,0.6162217972110395,64,0.0010495932305582276,0.4720020603250574,0.8518518535688581
550,6,7,28,5,86,0.014610470811275157,64,3.4240061379714257,14.0618772742189,0.12757201658354866
551,3,10,22,24,80,0.4634710713913923,64,2.2612800663372794,13.730229652467578,0.1481481482094698
552,4,21,37,2,20,0.8037668173435308,8,0.05594325706169378,1.4352717747904145,0.25925925950454587
553,4,46,13,12,12,0.1709533737873741,32,0.14065272421052363,2.6908272833490567,0.1275720164915662
554,6,17,20,30,5,0.7115175478435681,16,0.0004371602248248502,1.5895346108778023,0.2839506175292372
555,2,13,11,19,18,0.40992423604391176,4,1.7148819698705409,15.18948065989302,0.05761316872427984
556,6,3,35,10,24,0.30684588655928263,16,0.11430311291144786,1.5661120915118558,0.2962962958057231
557,4,35,49,21,28,0.7811657440854526,16,0.5054796821191241,2.437051576842006,0.12757201658354866
558,6,15,30,7,75,0.6870764220362017,8,0.00010115911122238297,2.483861908500577,0.12757201658354866
559,2,35,13,49,100,0.8398094472317846,16,0.22822244741868986,2.422468766263483,0.09876543212942626
560,3,26,26,16,89,0.5014551726106782,32,2.6572011053245066,13.730229652467578,0.1481481482094698
561,4,23,11,22,44,0.3515811345522626,32,4.213321743847289,15.05682119518641,0.06584362142983778
562,1,37,19,2,9,0.03387945184912914,4,0.012220446866314887,0.7182919856452157,0.6419753091325485
563,4,49,48,5,19,0.03685963578900271,16,0.0010991097009294972,0.3587958519289523,0.8559670799063066
564,2,38,33,14,44,0.3646701938246551,4,0.012505385872903913,0.3801580768676452,0.8518518535688581
565,6,40,38,32,24,0.3760191869936972,32,0.00013968351179887396,0.7489221977844159,0.8312757218816152
566,5,50,49,21,92,0.31364905963956724,8,0.08277856966198473,2.063200685713026,0.1646090536205857
567,3,12,14,39,35,0.647737920129438,16,0.6665363268124913,2.448814828699999,0.1481481482094698
568,2,4,2,40,44,0.6716796050846077,4,0.0318055201533292,1.707519373285427,0.3580246920938845
569,4,10,33,37,52,0.7915460959084213,32,4.951020159556351,14.0618772742189,0.12757201658354866
570,6,19,17,32,72,0.7440766634842013,64,0.003520031472796679,1.8513786709357682,0.255144033044454
571,1,28,35,40,13,0.41686272480902253,64,1.4593657991557576,2.437703850828571,0.12757201658354866
572,3,37,50,48,53,0.7884996896814753,32,0.0008052039670825478,0.956093642937303,0.5514403301992534
573,1,31,12,6,10,0.12415786095401381,32,0.0006177187597338488,0.4601310858878579,0.8065843609134846
574,1,14,42,50,89,0.8510182481763222,16,0.0013524808704178755,0.9499144485457934,0.57201646016949
575,6,16,13,8,73,0.7944202696353565,32,2.4231727942376007,14.393525445412216,0.1069958848349842
576,3,15,35,33,94,0.8432476016858351,8,0.0008932045998580969,1.8574039828139568,0.288065844357259
577,2,31,42,18,23,0.7599864825989311,16,0.08768856094587427,1.4518262604136525,0.24691357926576715
578,6,49,34,42,54,0.5404638738377423,4,0.10666649582795387,2.422916576204967,0.12757201658354866
579,3,35,45,33,5,0.6417060648593584,64,0.00022664980792736928,1.9065809823848583,0.36213991745018664
580,2,42,3,2,55,0.2648636270766087,4,0.0008829699955494092,0.4072061264772474,0.8559670799063066
581,4,29,41,9,83,0.57921744394544,32,0.03959110266468459,0.6887110726823532,0.6831275742240404
582,5,19,32,42,23,0.2879608482150111,16,0.5293266058360562,2.4402562718332548,0.12757201658354866
583,6,49,36,12,77,0.028187816108049546,8,0.6899837121430018,14.526184588302801,0.09876543283462524
584,1,16,10,16,99,0.8897229416732639,8,0.00025433457613046484,1.1970958015555708,0.440329218965499
585,1,48,46,17,39,0.8183581425149021,32,0.0006036438506075864,0.581798695242454,0.7448559675687625
586,1,25,36,39,89,0.4791496964973717,32,0.04546295469532399,1.3825545938907828,0.6131687223175426
587,2,10,36,6,81,0.436373642775238,4,0.00013650078065460138,0.9536557114173355,0.6296296284031966
588,3,35,7,22,45,0.05409400720550106,64,0.006483534286054727,1.585078817336157,0.46502057699019034
589,2,33,27,13,50,0.8771740467536486,8,0.00024569164629827903,1.9343337845900421,0.30452674970705323
590,1,46,19,2,15,0.19726013043775162,8,0.00037633583622865327,0.5739514592253132,0.6872428005614889
591,2,38,3,14,60,0.2997115427391502,4,0.7393819919175866,14.0618772742189,0.12757201658354866
592,6,17,4,15,88,0.7177779176301453,32,0.41554553347188755,2.42598822479876,0.1481481482094698
593,4,17,42,32,79,0.1298007687223305,4,0.9637934799615786,13.730229652467578,0.1481481482094698
594,5,29,9,31,100,0.3035505217695941,4,2.1844360711494284,15.05682119518641,0.06584362142983778
595,2,17,49,13,25,0.2153180759281389,16,0.00018848434090337955,0.43270446660587325,0.8271604955441667
596,3,40,50,42,47,0.7003734606163516,32,0.0015002933220192183,0.2555608689907647,0.880658437930998
597,4,40,41,44,29,0.4571861293937746,4,0.1422830457214352,2.4242654376559787,0.1481481482094698
598,5,23,48,31,7,0.1404130160431814,32,0.01101645949633657,1.5299846242975306,0.3744855969531055
599,3,34,22,42,81,0.462676870245347,4,0.9310413487069076,15.388469405625584,0.04526748974259498
600,3,25,48,24,64,0.035692974992895934,64,0.023843904700937203,2.6939130476963373,0.22633744757852436
601,2,22,20,4,5,0.8874206174541015,8,0.9310413487069076,2.5330927058011907,0.1481481482094698
602,5,8,5,40,27,0.573642322828144,32,0.05594325706169378,1.188777977792324,0.42798354056636984
603,5,11,34,44,31,0.26133009379715627,32,0.0014162866162991988,0.7211524988888713,0.6666666659308068
604,4,29,21,19,69,0.30988873678905005,16,0.16719497597319902,2.4223642584718306,0.1481481482094698
605,5,35,14,4,51,0.4557944039839053,64,0.2033800305846982,2.935023397084617,0.2757201647316968
606,1,2,48,16,70,0.727037241572895,64,0.007192118872221193,1.5351298493122367,0.45679012492850973
607,4,31,22,15,35,0.13351740146396837,16,4.361537789208006,15.18948065989302,0.05761316872427984
608,6,23,31,46,26,0.6628816513502142,64,0.012796968682159416,2.4626102251280484,0.15637860088436692
609,2,13,26,34,56,0.21079657383819053,16,0.12248646137509307,1.257465604891993,0.473251030278304
610,3,14,45,50,32,0.3043298058840369,4,0.0015002933220192183,0.434373118014002,0.8024691345760361
611,1,2,32,45,59,0.7796703048115821,4,0.003030271082866396,1.4843666975390273,0.30452674921648004
612,1,7,37,24,10,0.8040905958105591,32,0.011669898186171476,1.0988778020619365,0.5144032931622163
613,2,11,10,30,63,0.37486944519653054,8,0.00013493671405883064,0.97752002237265,0.6172839528248634
614,4,49,50,45,26,0.7386796055603275,32,2.8474391664672476,14.393525445412216,0.1069958848349842
615,3,46,21,38,15,0.00701623243238394,64,0.010765446128423159,1.6438488239123497,0.48971193219408576
616,3,49,47,47,28,0.670121403095956,4,0.00276338529005317,0.5618695026807824,0.7366255166108716
617,4,32,16,15,93,0.4813861641732713,32,1.0327947319189525,14.526184588302801,0.09876543283462524
618,1,45,7,43,78,0.04144214054446778,8,0.01556654359271062,0.6970385447941689,0.7448559675687625
619,1,7,24,23,8,0.5267523725798408,16,0.017467962151272456,0.6359459566481319,0.7078189305317255
620,3,4,12,15,29,0.6129072931030982,4,0.001432702953409831,1.6977189381917317,0.2839506169160207
621,2,19,10,8,95,0.20526456145825658,32,0.0010495932305582276,0.2619457190909994,0.8888888906058952
622,3,28,20,2,73,0.22992839154114483,8,0.0009794696670695395,0.3875257427125801,0.8436213991769548
623,6,12,42,16,50,0.00613424524891919,16,4.620241371751313,15.388469405625584,0.04526748974259498
624,6,31,14,50,63,0.4071896301966746,64,1.1589483034398118,13.730229652467578,0.1481481482094698
625,3,12,35,40,20,0.3513581760069107,64,1.8165997883753287,7.12690006460182,0.11522633750988132
626,6,23,15,42,17,0.6933953572551743,64,0.07814350607844542,4.3631548057367775,0.1069958848349842
627,3,19,6,10,97,0.7081290351201204,4,0.0010375666787451859,0.7004160242070877,0.7448559658517563
628,1,16,49,46,12,0.40455843019877996,16,8.316104153230961,13.730229652467578,0.1481481482094698
629,1,24,34,40,86,0.12252270429689592,8,0.2502640096417919,2.4294200679402294,0.1481481482094698
630,6,9,40,43,14,0.38676567506934983,8,0.7225349491787214,2.485104011410058,0.09876543283462524
631,3,5,12,23,71,0.7148971133528669,8,0.0009908228099003798,2.411676481427479,0.12757201658354866
632,5,40,9,34,19,0.851727958732759,8,0.014526539259467812,1.6487511651506148,0.24691358098277338
633,5,18,49,40,89,0.028235487560727014,32,2.9817722900196735,13.663899829848804,0.1522633739950235
634,6,36,35,28,73,0.052522469835573904,4,0.054668572997201806,1.956035477143747,0.17283950623416117
635,6,4,32,38,12,0.839697158394221,8,1.3155856240457051,14.52618443524396,0.09876543212942626
636,3,36,16,39,25,0.6589358009635672,16,0.0005078152112327671,0.3548240441476367,0.8271604926007274
637,1,16,10,14,32,0.40498140568255,8,0.001867545842761076,0.35725098308712366,0.8518518535688581
638,5,43,8,4,75,0.005329092282970904,8,1.6188596901781993,14.260866286823289,0.11522633750988132
639,2,2,47,8,42,0.026542664970473508,32,0.3338285864731761,2.369204847900956,0.09465020579197769
640,4,42,24,12,29,0.39839069465767263,16,0.0003552634676578139,0.48403586441106755,0.7366255148938654
641,3,45,4,6,30,0.03845574035171077,32,3.4240061379714257,14.526184588302801,0.09876543283462524
642,5,3,12,28,98,0.6992998771397783,32,3.122442823092858,13.730229652467578,0.1481481482094698
643,1,47,22,48,95,0.4339768939978094,64,1.7957846470020968,14.52618443524396,0.09876543212942626
644,2,49,20,43,57,0.5967470533554676,8,0.11299339380332217,2.0717759436540644,0.14814814827079145
645,5,12,31,6,16,0.5244668421736972,4,0.03913745601980384,1.5216953057811093,0.2757201642411236
646,1,22,45,36,90,0.08354143136055961,32,0.5113387538414326,14.0618772742189,0.12757201658354866
647,3,50,47,26,89,0.7317508563327881,16,9.014776314524918,14.260866286823289,0.11522633750988132
648,3,25,14,5,27,0.7055445390160919,32,0.16527920614648955,2.176233652687858,0.25925925999511906
649,3,9,28,7,85,0.7148721113519579,16,3.3459891205499748,13.730229652467578,0.1481481482094698
650,3,46,2,27,46,0.8275170829278121,64,0.19874595495809838,1.80650014151271,0.30041152275638816
651,2,8,27,31,73,0.3408953272914709,4,2.3954073587208793,14.52618443524396,0.09876543212942626
652,2,4,43,18,94,0.01757018812874338,64,0.031080821738690638,1.147679609526332,0.5102880655983348
653,6,23,26,31,16,0.17174342997371106,16,0.002927294835042816,0.35700078682644376,0.8353909469926308
654,5,49,16,44,89,0.3018596191356678,32,0.01829204504846294,2.306935641010112,0.15637860088436692
655,1,50,9,47,12,0.5673084192220909,8,0.023843904700937203,0.793919769579491,0.6831275712806011
656,2,9,27,15,25,0.44616350533301047,4,0.3044272212064303,2.4291689847231894,0.12757201658354866
657,1,24,25,16,88,0.09465971331700829,64,0.0002514203348142797,0.43970398678455824,0.8065843609134846
658,5,39,46,39,69,0.27860859460300963,32,0.10666649582795387,2.3755626796204368,0.28395061740659394
659,3,19,47,21,24,0.2034040302268945,64,0.29071233772725785,2.461620145373874,0.1069958848349842
660,5,27,20,39,5,0.12470801689121577,4,0.012220446866314887,0.4386396184870245,0.8230452692067182
661,5,35,5,25,58,0.8504279194847323,16,0.0009682466119303124,2.4622076597723943,0.1481481482094698
662,3,24,46,34,20,0.8456361905492559,4,2.5669027154919517,14.0618772742189,0.12757201658354866
663,4,40,31,49,26,0.14889567877674123,8,2.719157943036019,15.454799228244358,0.0411522633744856
664,2,40,26,26,24,0.46642568327990336,4,0.003065395295056527,0.31142201657893726,0.8724279852561009
665,5,28,38,37,70,0.6382871640204604,8,0.34161232685855286,2.399872863243637,0.1481481482094698
666,4,10,21,38,90,0.7019769089316013,64,0.0022717281330269052,2.3109290079815397,0.20164609004440623
667,3,29,8,27,33,0.6292220709938985,64,0.0014493095741262166,0.6737389898103942,0.6337448552312184
668,1,27,45,39,11,0.06505918061645635,64,0.5172657387216019,2.5008425771454235,0.12757201658354866
669,5,44,23,27,35,0.2033753129229005,32,0.04706224849841281,1.7712695461241796,0.3580246920938845
670,3,17,3,10,53,0.11044299305774995,32,0.03292437333007769,2.1230769039672097,0.5144032902187772
671,4,46,24,40,88,0.8356866062392285,16,0.0037720424934169976,0.6749228656046675,0.7613168741449897
672,1,12,38,18,44,0.09212140081517914,4,0.001867545842761076,0.32081029082767265,0.8559670799063066
673,3,9,4,44,75,0.07774821701519107,8,0.38778284145894576,2.433081203036838,0.1481481482094698
674,3,29,32,7,37,0.5886260701957574,4,0.00022927693128656486,0.37644444755565976,0.8312757218816152
675,5,30,31,11,50,0.15568087251504362,8,0.0007342870447166766,0.3406969584800579,0.8600823062437551
676,2,39,38,10,17,0.18796730533241016,16,5.305480525369574,14.0618772742189,0.12757201658354866
677,6,43,34,44,93,0.16666575450278429,8,0.01387209780541621,0.7290932732354466,0.7037037046848501
678,2,13,19,28,97,0.8877767368992764,8,0.07376797602527731,1.90415101483035,0.22222222185429233
679,1,40,13,4,53,0.07859132013183562,4,1.5107033044866556,14.526184588302801,0.09876543283462524
680,3,50,19,48,46,0.6732451440736295,32,0.028671964974937698,0.8895782958332894,0.7037037041942769
681,5,46,16,18,40,0.16463097750108466,8,0.24175940791691308,2.425126104197875,0.12757201658354866
682,5,8,24,9,74,0.2817553465218179,16,5.184593543892913,14.526184588302801,0.09876543283462524
683,4,46,10,7,17,0.3758776332552591,64,0.14728827239075018,3.060001544010492,0.2510288060937889
684,2,23,19,6,48,0.23204986085342508,16,0.005268921421350677,0.3070288029779132,0.8888888906058952
685,1,38,50,44,65,0.4169596335419596,4,0.004184288507901585,0.39009584541674014,0.8312757218816152
686,2,44,35,21,88,0.4165020565378243,8,0.00035938136638046257,0.3326112351422447,0.8353909482190638
687,6,40,40,45,18,0.2023325110395011,8,4.165044248545185,14.260866286823289,0.11522633750988132
688,4,30,27,35,76,0.8377714284149118,16,0.9310413487069076,14.393525445412216,0.1069958848349842
689,3,5,37,33,64,0.8937169560783852,64,0.00016796748720926532,2.4297555444662464,0.12757201658354866
690,5,29,37,34,88,0.8933910204632562,16,0.011805165285688056,1.7821449443636608,0.29218106959091783
691,6,20,13,27,19,0.6768486333296942,64,0.00012024861420374123,2.4665152957900562,0.11934156329543502
692,1,32,28,12,49,0.6701642772582723,64,0.024399862972595502,0.7914468713503315,0.6419753091325485
693,4,43,14,42,29,0.37750913419052523,16,0.010399609139541204,0.625446591234992,0.7654321009730115
694,5,3,17,48,62,0.2364200603066942,4,0.6513490946272803,13.730229652467578,0.1481481482094698
695,2,28,49,35,91,0.3976134080883789,16,0.46630349297427315,2.4349681349938788,0.12757201658354866
696,2,42,19,43,10,0.10234867992672086,64,1.6003103137387018,2.4333486655121477,0.12757201658354866
697,2,25,34,21,31,0.6941963937659892,64,0.01726780903884356,0.5601920899417665,0.7983539111820268
698,2,45,13,11,31,0.385717600529967,4,1.0447659715608053,14.52618443524396,0.09876543212942626
699,4,24,12,16,10,0.8019516671176622,8,0.0046953900106800625,1.1100417257827004,0.5144032914452101
700,1,40,5,14,64,0.361018530932747,64,0.016681005372000592,1.9064658850799372,0.18106995847980673
701,2,46,24,3,80,0.07997290370310328,32,0.00012024861420374123,0.5407787601888916,0.7407407429483202
702,6,40,19,5,63,0.795039113249832,8,0.006263207452198692,0.7716521720091502,0.6954732527458128
703,2,23,5,43,35,0.149012568582728,8,0.19421746814890264,2.4314050488020658,0.12757201658354866
704,1,48,19,38,32,0.8216129223391523,8,0.003100926635931927,0.6216952892733209,0.6954732515193798
705,5,44,45,20,28,0.4190579716242824,16,0.08870496889654403,2.5712576265688294,0.15226337454691835
706,2,29,44,17,8,0.15524015679042408,16,0.06134621717992506,1.5747403593220337,0.33744855868963547
707,5,37,48,11,76,0.11255767875711818,4,0.00045778405383766163,0.49911300733746816,0.7572016448641019
708,5,26,2,43,37,0.3903165935580536,32,0.18334254825622906,3.8392717367337075,0.1481481482094698
709,6,36,40,49,64,0.17724433481827,8,2.9138317048327886,14.0618772742189,0.12757201658354866
710,3,35,45,29,82,0.5168380993410395,32,0.03292437333007769,0.4436412453651428,0.8106995889679395
711,6,9,23,34,22,0.7637454151817608,8,0.14899550728528538,2.416072488321689,0.1481481482094698
712,5,40,14,37,41,0.598296510405492,16,0.01960163474319186,1.1328305150746318,0.5679012355490477
713,5,27,41,25,34,0.8621127744967789,4,1.9243509752303323,14.526184588302801,0.09876543283462524
714,5,50,17,5,35,0.0736094069822769,32,0.00038511070023255687,0.32447720407949066,0.8518518506254188
715,3,15,23,17,7,0.36865481641551645,4,0.0012052609368708425,0.6695316681646025,0.7366255148938654
716,3,2,11,39,32,0.65493873837969,8,0.03694601205199302,1.4882372745270591,0.3621399184313331
717,1,31,45,38,79,0.2688366998333308,16,7.077010661181889,14.260866286823289,0.11522633750988132
718,4,33,15,8,54,0.2397617203614033,64,0.0005568596444286409,0.26347138373940077,0.8765432115935494
719,3,7,23,27,27,0.46022432785390366,32,0.0017629753752872058,0.7176656209147025,0.7242798358815197
720,1,48,9,11,91,0.721066899510452,8,0.0004174655289253135,0.5617825422022078,0.7325102885564169
721,3,46,6,30,37,0.39292346535186223,16,0.4252346334528682,2.417219875280749,0.1481481482094698
722,6,35,25,23,11,0.1052527309990135,4,5.751217071841614,14.0618772742189,0.12757201658354866
723,5,27,39,43,55,0.3561836661316599,16,0.3044272212064303,2.433447542504519,0.12757201658354866
724,4,38,32,18,87,0.014106152820297002,64,1.0092621909870485,14.526184588302801,0.09876543283462524
725,5,25,17,16,66,0.3510126466094286,16,0.25316484786313553,2.3076071405606995,0.20164609127083924
726,6,15,45,25,9,0.20141402513302423,8,3.158635408267819,14.260866286823289,0.11522633750988132
727,6,33,32,26,87,0.6088296535064607,8,0.1006938631476027,2.2852804552871016,0.19753086493339067
728,1,44,4,48,69,0.8336222537991048,32,1.0447659715608053,14.0618772742189,0.12757201658354866
729,4,23,44,11,35,0.5914424131685304,4,0.5939826693920356,2.513007058037652,0.09876543212942626
730,1,26,5,39,42,0.2957979807496447,4,0.004281851798652416,0.38566907789604166,0.8477366272314095
731,3,32,15,47,44,0.31588471567900867,8,2.8474391664672476,15.18948065989302,0.05761316872427984
732,5,4,28,43,20,0.04672688859472486,4,0.002324697059985648,0.5117403491411681,0.7818930058322325
733,5,25,48,8,71,0.1366552010435499,64,0.0837380653526649,1.5278944566907215,0.440329218965499
734,2,19,5,3,8,0.049109483289395184,8,0.00038511070023255687,0.42659069340170164,0.8395061745565124
735,3,18,33,16,61,0.3457681469085858,32,0.0012621213145225473,0.4563961394529774,0.7613168729185568
736,1,39,25,29,36,0.584299305148826,32,0.01960163474319186,0.7856357686313582,0.6378600832856731
737,2,26,34,16,53,0.14034759450579698,16,0.000105931476351837,0.3881877804244006,0.8065843609134846
738,1,31,25,5,23,0.6552261912883066,4,0.40607720257003654,2.4964607733267323,0.1481481482094698
739,1,49,14,21,93,0.3919661030469673,16,0.31513634848664795,2.435560635578485,0.1481481482094698
740,3,3,7,26,63,0.2509836010615678,8,0.0001622595287078087,1.2461295726367967,0.44444444468973104
741,1,43,28,18,66,0.4083434645130793,32,0.04341478330055092,0.8803462285563779,0.6502057622980189
742,2,17,47,29,68,0.07772607964319135,8,0.02052637752709252,0.5249006802775732,0.8189300428692696
743,4,48,43,47,71,0.12116536468458634,8,0.062776601058065,2.2075359762450795,0.3497942395416307
744,6,40,5,3,52,0.06411849772359993,64,0.017875255259042353,1.9279795566213473,0.1934156373695091
745,5,17,7,25,93,0.08642308296241596,4,0.0017427746784089192,0.281294102132811,0.8847736625514403
746,3,44,7,17,84,0.4350644613858353,32,6.604193962330306,15.454799228244358,0.0411522633744856
747,6,6,13,28,63,0.450387664163469,4,0.9862658461312821,14.526184588302801,0.09876543283462524
748,5,33,24,8,72,0.5793088278617624,64,0.0077963601304052365,2.330047461231059,0.1028806591720738
749,6,46,37,24,86,0.13512260369609705,16,0.005517492376129128,0.37584522403316734,0.8518518535688581
750,2,9,44,21,8,0.5662443960696626,64,0.01960163474319186,1.5235600025074962,0.3086419767803616
751,5,46,38,24,100,0.7408719289478286,16,0.002406475150015424,2.084976480821523,0.27983539180500516
752,3,8,46,50,85,0.6183761728594236,16,0.0035608325526292777,0.5506185485747616,0.7860082326602543
753,3,37,47,7,49,0.8832941695280995,8,0.5871766390733255,2.507934807749933,0.12757201658354866
754,5,13,20,10,78,0.27362391140487435,32,2.0860240892485047,13.730229652467578,0.1481481482094698
755,5,26,23,20,46,0.6051587858867874,4,0.06134621717992506,2.356686949239346,0.1481481482094698
756,6,13,23,29,20,0.24114701935336819,4,0.0010139254075588154,0.4113341684572,0.8353909482190638
757,5,28,2,23,96,0.6787625805514668,32,9.772146969725725,13.730229652467578,0.1481481482094698
758,4,14,32,3,95,0.8095405841490865,8,0.02934049709215787,1.337252703713782,0.3868312758428079
759,1,10,44,24,71,0.42465073017828076,64,0.000751408106111697,0.46971764001581406,0.7901234555636905
760,2,16,12,35,59,0.7537075761023515,16,0.0034796979038876916,1.0306983734845134,0.518518519499665
761,5,50,19,9,32,0.30214632789364027,32,5.49211648388779,13.730229652467578,0.1481481482094698
762,5,26,29,11,24,0.6704259616639607,16,0.028018665564591955,1.5063948798081512,0.4238683142289213
763,2,43,34,20,21,0.45543457361172496,16,0.4556786265841064,2.41926360424654,0.1481481482094698
764,3,48,16,47,36,0.4417056634854627,64,0.0227697025538168,2.800419470900861,0.09876543283462524
765,3,31,5,35,97,0.08823327601839694,8,8.510007247122246,14.52618443524396,0.09876543212942626
766,3,7,42,42,82,0.21368101400740314,64,7.41088151564157,13.730229652467578,0.1481481482094698
767,6,9,14,25,19,0.42954877434072025,4,0.002608653617622548,0.8326012884638437,0.6543209881448941
768,1,3,31,6,10,0.5999450749065702,64,9.440064789417603,13.730229652467578,0.1481481482094698
769,1,37,26,4,37,0.8522942896852631,8,0.05594325706169378,1.5195492265646349,0.26748971095300994
770,5,48,43,35,6,0.6237092450321393,32,0.2473964100886814,2.1583097339167026,0.14403292193334288
771,4,19,10,15,46,0.27552082732208566,64,0.020764301072557747,1.005369830769276,0.6543209856920281
772,6,23,10,28,36,0.47847587364626765,4,4.5673012701687465,14.0618772742189,0.12757201658354866
773,2,5,17,45,78,0.0340659305066273,32,0.6899837121430018,14.0618772742189,0.12757201658354866
774,4,22,12,5,15,0.10066359221882577,64,3.7116718194757667,14.393525445412216,0.1069958848349842
775,3,33,43,24,77,0.4427616090314069,8,0.25316484786313553,2.4309049437566057,0.1481481482094698
776,3,28,38,37,85,0.6460909806449081,8,0.13904108340900698,2.4092515270405834,0.1481481482094698
777,1,35,21,47,46,0.3240348081410292,8,0.02029118018046678,0.5646419846471936,0.7983539111820268
778,4,26,25,45,21,0.006776645815539273,32,0.04760775230226368,0.6985489359363116,0.6995884778568283
779,5,19,39,10,25,0.59313410823924,4,0.06573820143409585,1.8470628497041301,0.2633744851061346
780,6,10,29,32,47,0.3346819987776473,64,0.22302232979659387,2.1773722338578336,0.23868312659087004
781,6,34,23,9,43,0.4102128650035273,4,0.006711611767496287,0.3897790617229026,0.8230452692067182
782,1,31,38,5,86,0.20869621584616274,8,0.01592950212572123,0.8729869709829244,0.6172839511078572
783,5,18,37,33,26,0.27889105974801487,32,0.0024343688735431104,0.5790822788030522,0.7860082321696811
784,1,3,29,42,5,0.67124292604605,8,0.6513490946272803,2.4486763035809553,0.1481481482094698
785,3,8,41,6,93,0.33960219138702663,32,1.5107033044866556,14.0618772742189,0.12757201658354866
786,6,49,3,16,99,0.44714882256794747,16,0.39682461045694817,2.41775658199326,0.12757201658354866
787,6,48,5,20,45,0.8951612382141599,8,0.3338285864731761,2.4675010182729964,0.09876543212942626
788,5,26,15,48,62,0.4591119810210779,32,4.894289896114532,13.730229652467578,0.1481481482094698
789,5,24,25,4,93,0.5518742130851506,8,6.836516004510239,14.260866286823289,0.11522633750988132
790,6,38,24,9,31,0.20073503308177124,8,1.9466563433422632,14.0618772742189,0.12757201658354866
791,5,4,36,32,28,0.2775085143985976,4,0.16719497597319902,2.433256198349313,0.1481481482094698
792,1,19,50,14,60,0.16188904833875972,8,0.0008529644499741026,0.5745328080997546,0.7366255148938654
793,5,6,48,21,13,0.49311043686350253,4,3.798215306190736,14.52618443524396,0.09876543212942626
794,5,15,31,27,40,0.7724912989717027,8,0.0004032789982193705,2.485875407364143,0.1481481482094698
795,1,24,36,37,42,0.6203073990232878,4,0.009931091813749801,0.6450974465397651,0.6790123478865918
796,3,38,25,13,68,0.2608675452834441,8,0.008648423275731726,0.367486455527598,0.8765432115935494
797,2,8,28,31,45,0.5822076550505878,16,3.669142378402494,15.52112861915871,0.037037037037037035
798,3,14,46,20,76,0.568795034936249,32,0.0003552634676578139,0.48151789390991745,0.8312757218816152
799,3,17,42,7,69,0.7237345958279887,4,5.366976945540476,14.0618772742189,0.12757201658354866
800,5,12,22,29,60,0.1418574255523002,8,0.6078323128297229,14.0618772742189,0.12757201658354866
801,4,30,37,50,49,0.059523058593001214,4,0.01387209780541621,0.4239604232733142,0.8065843638569239
802,2,47,22,3,40,0.566579133297522,16,0.007192118872221193,0.3399626680117085,0.8559670799063066
803,2,26,24,27,62,0.7473726753042678,16,0.0002920555512182745,1.0451796670509463,0.5596707799307112
804,4,2,35,38,39,0.029438306746680267,4,0.050431594871713586,1.3567391089451166,0.4156378597143746
805,1,34,22,9,96,0.6952450436101358,64,0.19646866461804466,1.3910996276164742,0.4032921808246722
806,1,5,37,37,60,0.039578281325226804,4,0.15072253093107554,2.408988047038577,0.15226337454691835
807,3,50,3,2,40,0.3126562366983224,4,0.25316484786313553,2.437628215232504,0.1481481482094698
808,5,31,10,47,60,0.7032363181552403,32,0.00263889081445751,1.0008105770550637,0.4979423878124221
809,1,28,31,39,74,0.5469771443880069,16,0.0002757023325609583,0.40426960342214924,0.8312757218816152
810,2,5,19,24,20,0.6626850393615284,64,0.00017999285067824765,1.8830725121399994,0.2880658437440425
811,1,26,42,50,34,0.3496044456344909,16,0.7653919388230148,2.4512138101789684,0.1069958848349842
812,4,19,23,16,11,0.1708577449866194,32,0.06727099135712336,1.3365958082823106,0.6049382720955114
813,4,9,42,43,92,0.5920461149249966,8,0.004749814803228504,0.5797561240294342,0.7283950622189682
814,1,15,31,26,15,0.26251817758494783,8,0.01592950212572123,0.42598110937164646,0.8518518518518519
815,2,24,43,13,14,0.5493710496664032,8,2.287490817355704,14.0618772742189,0.12757201658354866
816,3,7,18,8,7,0.5754397282232443,8,0.0012333634979137759,1.1683034845340399,0.34979424015484717
817,2,11,33,25,66,0.7286575363704052,8,2.209756114795903,14.526184588302801,0.09876543283462524
818,5,25,27,17,71,0.04666045475677416,16,0.003859993617679767,0.33767020524529273,0.8559670769628674
819,5,21,19,42,33,0.8295119035659345,16,0.00024287643824604505,2.4939388453715132,0.12757201658354866
820,3,7,28,29,40,0.8228482648105723,32,0.0008335293965098195,2.367042896678909,0.1646090542338022
821,1,14,30,15,9,0.11721258767268392,8,0.004088948226294864,0.33307983073187464,0.8312757218816152
822,2,6,4,26,70,0.24865053501325096,4,0.4996877453854884,13.730229652467578,0.1481481482094698
823,1,29,44,42,10,0.47438468138015366,64,0.021004982416539152,1.2639488060287978,0.4691358039408554
824,1,11,40,22,14,0.33140660192047594,32,8.316104153230961,14.526184588302801,0.09876543283462524
825,6,44,45,28,21,0.20791341464546073,32,9.772146969725725,14.0618772742189,0.12757201658354866
826,3,48,35,22,50,0.4823915995559236,32,0.005031548945038057,0.38008704468791865,0.8353909482190638
827,3,26,20,38,49,0.82228210906399,16,3.051297017182871,14.260866286823289,0.11522633750988132
828,2,22,7,34,89,0.5337157609610208,64,2.5669027154919517,14.0618772742189,0.12757201658354866
829,2,8,14,41,60,0.36623462707409804,64,3.8867766908926678,13.730229652467578,0.1481481482094698
830,5,41,15,46,51,0.33920817443953505,64,4.165044248545185,13.730229652467578,0.1481481482094698
831,6,20,31,26,56,0.6469012741496298,4,0.0007342870447166766,0.8946726977089305,0.6378600815686669
832,1,46,10,8,14,0.6167417428774736,8,6.306665540567406,15.52112861915871,0.037037037037037035
833,1,41,17,48,8,0.25303124074470584,16,0.000903557834613893,0.3366539883024899,0.8641975325812038
834,2,4,23,24,96,0.02043216183353803,4,0.01960163474319186,0.7412248572694912,0.728395060501962
835,6,13,5,42,52,0.47994522382332333,32,0.01726780903884356,1.6519120877662314,0.35390946587907923
836,3,24,33,28,88,0.3712420739215768,64,0.02029118018046678,1.7860516515778906,0.4238683142289213
837,1,18,19,26,90,0.027757935154408896,64,0.014360089846512606,0.8229976316047795,0.6419753074155423
838,6,38,16,25,70,0.38278486393397726,16,0.23354381399064794,2.409577424634141,0.22222222228354388
839,2,47,49,45,21,0.8757602189934997,4,0.0002821307675939471,1.0344890628331973,0.5925925918567327
840,6,19,39,3,83,0.2625803386525171,16,7.671581176779302,13.730229652467578,0.1481481482094698
841,3,19,38,42,40,0.3698927965286771,8,0.1422830457214352,1.9763709502946203,0.27983539045592887
842,2,6,32,11,38,0.221622802984795,8,0.0027954159990678565,0.3686448840631379,0.8353909482190638
843,3,40,9,43,22,0.21377325868047672,8,0.4252346334528682,2.44193346019635,0.12757201658354866
844,2,29,12,50,42,0.5137705299145929,4,0.00017589165903277327,0.5345707718482233,0.7818930028887933
845,4,21,36,35,23,0.4473746064814798,16,3.6271002523306484,14.0618772742189,0.12757201658354866
846,2,35,22,6,8,0.3190368233058781,64,0.0004962444877628913,0.5709178917447235,0.8230452692067182
847,1,41,48,17,10,0.2690247998129643,4,0.016489869444710648,0.6693947549464772,0.6995884795738346
848,3,20,22,18,36,0.5140291814647245,16,2.3954073587208793,14.526184588302801,0.09876543283462524
849,3,33,21,46,69,0.3583630301510756,16,0.07636298261282241,2.4864566689165533,0.09876543212942626
850,5,11,35,9,26,0.8998194277983158,8,0.00022927693128656486,2.427527726922997,0.12757201658354866
851,2,22,17,46,14,0.5900273606376425,64,0.0055814462494549666,0.9164781626850489,0.5884773660098574
852,4,32,29,5,78,0.8098538024851286,4,0.16151326935030913,2.4124572757830838,0.1481481482094698
853,5,28,21,42,25,0.23347133817500246,64,0.00013650078065460138,2.1648568135720714,0.5967078199111876
854,4,36,37,48,78,0.055914005182055686,4,0.00013186214013947485,0.2997510652728532,0.8600823062437551
855,1,41,42,19,56,0.35471477176227045,64,0.18124175473742377,2.174060356469802,0.2757201636279071
856,5,37,40,24,37,0.45647505664175975,32,0.0016451905877536625,0.6208259167739884,0.7448559675687625
857,5,2,22,21,89,0.41250573219477726,16,1.6003103137387018,14.0618772742189,0.12757201658354866
858,4,21,44,7,54,0.02440824459689107,64,3.842240846055061,13.730229652467578,0.1481481482094698
859,1,27,31,5,20,0.14264874008661077,4,4.070142453219439,13.730229652467578,0.1481481482094698
860,2,49,36,3,33,0.02969951238592481,8,0.0031732296347349765,0.25640283445271933,0.8930041169433437
861,5,31,10,2,11,0.4712443661403768,16,0.09727203192450537,2.209011713663737,0.13991769553457267
862,5,20,10,50,35,0.34494047216430074,32,0.006191441755977848,0.9745742242032118,0.6296296288937698
863,4,47,22,30,24,0.4198268202848824,4,0.029680586086656024,1.3139930100107389,0.4197530866650397
864,4,19,13,14,56,0.1459297838965048,64,0.00023462288481422623,0.5801115196673468,0.7818930046057996
865,4,7,28,7,66,0.25987751577858664,4,3.585539857459817,14.526184588302801,0.09876543283462524
866,1,43,30,5,37,0.8521629494973622,64,0.00029886528735503825,0.9600067827927232,0.6502057635244519
867,3,43,41,16,80,0.26645515172667106,16,0.048159579101923505,1.4452378661544234,0.45679012431529326
868,1,50,22,3,80,0.5764402789118384,16,0.730909932860291,14.260866286823289,0.11522633750988132
869,6,24,23,21,41,0.11522853614454855,16,0.03447764054734464,0.6768066349588795,0.7201646107705042
870,4,37,11,41,22,0.1394905373495738,8,0.0264498018242772,1.1524607176152768,0.5144032919357834
871,1,34,50,7,27,0.0971540478289413,8,0.004916903577628032,0.30840250405141845,0.880658437930998
872,2,4,10,38,7,0.44333750414498807,64,0.0018461469463245475,1.0108783961323553,0.5679012338320414
873,5,45,14,48,63,0.37861582804462224,4,0.01556654359271062,0.553149284955896,0.7942386848445783
874,4,6,7,3,16,0.6284626840752378,4,0.002995549334359813,1.5896817592926968,0.3251028802905063
875,3,46,30,7,70,0.8187203955892255,64,0.008354528058382871,0.5506318424954827,0.7325102885564169
876,1,28,8,19,85,0.20631012222301637,16,4.070142453219439,15.454799102657617,0.0411522633744856
877,2,29,30,42,38,0.07379093365150191,64,4.1173199311616795,14.260866286823289,0.11522633750988132
878,2,35,39,14,67,0.43380404734387484,32,3.8867766908926678,14.260866286823289,0.11522633750988132
879,2,31,4,19,69,0.5616647813696188,4,0.00018848434090337955,0.962217148929957,0.6337448581746576
880,5,8,38,46,14,0.3621255481119195,4,7.159041085964888,13.730229652467578,0.1481481482094698
881,3,37,15,16,77,0.06905945040562728,4,0.6220048825634712,14.0618772742189,0.12757201658354866
882,4,11,12,9,71,0.37612768444078803,64,0.027380251779278577,2.1094685846886025,0.2181069959460953
883,6,12,10,5,77,0.28870787560569733,8,0.0790492762269642,2.0642601040655695,0.25925925876868605
884,2,17,45,50,89,0.3657553172721826,4,0.08470868266557402,2.2157847145457326,0.23045267440654613
885,6,49,40,17,25,0.23319479850975355,4,0.014865248449978571,0.7741534776157803,0.740740742457747
886,2,16,14,6,52,0.08416816281369507,64,0.0006106407542232036,0.3185945564091451,0.8971193432807922
887,4,31,12,2,19,0.7036397208478393,8,0.8296958520834906,15.52112861915871,0.037037037037037035
888,6,9,39,30,56,0.06038147130784584,32,0.5871766390733255,2.4305817364665216,0.12757201658354866
889,1,35,45,7,84,0.6662183592114742,4,0.8015006961565405,14.52618443524396,0.09876543212942626
890,4,27,34,23,96,0.08748587231337493,8,0.003100926635931927,0.40277148347823216,0.8148148165318211
891,3,49,35,2,70,0.6333727552564054,4,0.6665363268124913,14.52618443524396,0.09876543212942626
892,6,6,2,16,74,0.6307897276306261,4,0.03528154115380883,2.3044959723704146,0.11522633750988132
893,3,17,27,42,62,0.09563914335638411,8,0.00030583380323784314,0.25240881244341534,0.9012345696182408
894,4,43,11,45,69,0.06884177683425217,16,0.048159579101923505,1.0976927393257863,0.5925925906302998
895,4,18,46,36,73,0.05800189084798636,32,0.006409244019356457,1.2793362400659318,0.5802469133349603
896,4,37,7,8,80,0.3692286694037278,16,0.10423606739764012,1.9254364977157656,0.30041152226581497
897,2,23,32,10,56,0.3056218628212976,32,0.00390473523688556,0.8894947448385105,0.6790123473960186
898,5,26,22,31,46,0.431342943300003,16,0.00045778405383766163,0.3720169160591722,0.8765432115935494
899,2,45,38,49,31,0.24565785025129303,4,0.04928249570040513,1.6424519387782845,0.271604937903675
900,5,38,24,2,20,0.026805602685918917,64,0.0013524808704178755,1.0643321658358162,0.6748971215491433
